-- Generated from the extracted transcript question set.
-- Note: the source transcript has numbering anomalies (duplicates and gaps),
-- so question_number is a clean sequential number while transcript_label preserves source labeling.

begin;

drop table if exists public.options;
drop table if exists public.questions;
drop table if exists public.chapters;

create table public.chapters (
  id bigint generated by default as identity primary key,
  number integer not null unique,
  title text not null
);

create table public.questions (
  id bigint generated by default as identity primary key,
  chapter_id bigint not null references public.chapters(id) on delete cascade,
  question_number integer not null unique,
  transcript_label text not null,
  question_text text not null,
  correct_answer char(1) not null check (correct_answer in ('A', 'B', 'C', 'D')),
  explanation text not null
);

create table public.options (
  id bigint generated by default as identity primary key,
  question_id bigint not null references public.questions(id) on delete cascade,
  label char(1) not null check (label in ('A', 'B', 'C', 'D')),
  option_text text not null,
  unique (question_id, label)
);

create index questions_chapter_id_idx on public.questions (chapter_id);
create index options_question_id_idx on public.options (question_id);

alter table public.chapters enable row level security;
alter table public.questions enable row level security;
alter table public.options enable row level security;

create policy "public_can_read_chapters" on public.chapters for select using (true);
create policy "public_can_read_questions" on public.questions for select using (true);
create policy "public_can_read_options" on public.options for select using (true);

insert into public.chapters (id, number, title)
values
  (1, 1, 'Rights and Responsibilities'),
  (2, 2, 'Who We Are'),
  (3, 3, 'Canada''s History'),
  (4, 4, 'Modern Canada'),
  (5, 5, 'How Canadians Govern Themselves'),
  (6, 6, 'Federal Elections'),
  (7, 7, 'Canadian Symbols'),
  (8, 8, 'National Public Holidays'),
  (9, 9, 'Canada''s Economy'),
  (10, 10, 'Canada''s Regions'),
  (11, 11, 'Federal Questions');

insert into public.questions (
  id,
  chapter_id,
  question_number,
  transcript_label,
  question_text,
  correct_answer,
  explanation
)
values
  (1, 1, 1, 'Q1', 'Who are regulated by laws in Canada?', 'C', 'both A and B'),
  (2, 1, 2, 'Q2', 'Canada has an 800-year tradition of ordered liberty dating back to the signing of what?', 'A', 'Magna Carta'),
  (3, 1, 3, 'Q3', 'Which is NOT a source of Canadian law?', 'C', 'US federal law'),
  (4, 1, 4, 'Q4', 'The Constitution of Canada was amended in which year?', 'A', '1982'),
  (5, 1, 5, 'Q5', 'The phrase recognizing the supremacy of God and the rule of law underlines the importance of what?', 'C', 'both A and B'),
  (6, 1, 6, 'Q6', 'How old is Canada''s tradition of ordered liberty?', 'B', '800 years'),
  (7, 1, 7, 'Q7', 'Habeas corpus is derived from which common law tradition?', 'B', 'English'),
  (8, 1, 8, 'Q8', 'Under the oath of citizenship, to whom do Canadians swear allegiance?', 'C', 'Sovereign'),
  (9, 1, 9, 'Q9', 'What age group must demonstrate adequate knowledge of English or French for citizenship?', 'C', '18-54'),
  (10, 1, 10, 'Q10', 'Who is Canada''s representative of the Sovereign?', 'C', 'Governor General'),
  (11, 1, 11, 'Q11', 'The Constitution was amended in 1982 to entrench which charter?', 'A', 'Canadian Charter of Rights and Freedoms'),
  (12, 1, 12, 'Q12', 'What status does the Constitution give multiculturalism?', 'C', 'It should be celebrated'),
  (13, 1, 13, 'Q13', 'What does the Constitution say about Aboriginal peoples?', 'A', 'Their rights cannot be overruled by it'),
  (14, 1, 14, 'Q14', 'From where do the rights and responsibilities of Canadian citizens come?', 'B', 'History'),
  (15, 1, 15, 'Q15', 'Which religion has greater rights in Canada?', 'D', 'they are all equal'),
  (16, 1, 16, 'Q16', 'Mobility rights state what?', 'D', 'both A and B'),
  (17, 1, 17, 'Q17', 'The right to vote comes with the responsibility to vote in which elections?', 'D', 'all of these'),
  (18, 1, 18, 'Q18', 'According to the government, who is above the law?', 'C', 'Nobody'),
  (19, 1, 19, 'Q19', 'Which set lists three responsibilities of Canadian citizens?', 'D', 'obeying the law, taking responsibility for yourself and your family, serving on a jury'),
  (20, 1, 20, 'Q20', 'Taking care of the environment is the responsibility of whom?', 'C', 'Every citizen'),
  (21, 1, 21, 'Q21', 'Serving on a jury in Canada is what?', 'A', 'compulsory'),
  (22, 1, 22, 'Q22', 'Helping in the community and volunteering helps with what?', 'D', 'all of these'),
  (23, 1, 23, 'Q23', 'Which is prohibited in Canada?', 'C', 'Female genital mutilation'),
  (24, 1, 24, 'Q24', 'In Canada, when is forced marriage of women permitted?', 'D', 'under no circumstances'),
  (25, 1, 25, 'Q25', 'In Canadian courts, statements against women due to cultural traditions will be what?', 'C', 'disregarded'),
  (26, 1, 26, 'Q26', 'What is the status of men and women under Canadian law?', 'B', 'they are equal'),
  (27, 1, 27, 'Q27', 'Spousal abuse, forced marriage, honor killing, and female genital mutilation are what?', 'B', 'crimes in all circumstances'),
  (28, 1, 28, 'Q28', 'People unable to perform full military service in Canada may do what?', 'A', 'serve part-time'),
  (29, 1, 29, 'Q29', 'The safety of Canada''s North is ensured by whom?', 'C', 'Canadian Rangers'),
  (30, 1, 30, 'Q30', 'Serving in the military and defending forces in Canada is what?', 'C', 'applauded'),
  (31, 1, 31, 'Q31', 'What is the name of the military forces in Canada?', 'B', 'Canadian Forces'),
  (32, 1, 32, 'Q32', 'Teenagers who cannot join the Canadian Army can become what?', 'A', 'cadet'),
  (33, 2, 33, 'Q33', 'Who are the founding peoples of Canada?', 'D', 'all of these'),
  (34, 2, 34, 'Q34', 'Canada''s institutions uphold a commitment to what?', 'A', 'peace, order and good government'),
  (35, 2, 35, 'Q35', 'Which country is often referred to as the Great Dominion?', 'A', 'Canada'),
  (36, 2, 36, 'Q36', 'Canada is regarded around the world as what?', 'B', 'strong and free'),
  (37, 2, 37, 'Q37', 'What is the only constitutional monarchy in North America?', 'A', 'Canada'),
  (38, 2, 38, 'Q38', 'The Canadian system of government is based on what?', 'B', 'constitutional monarchy'),
  (39, 2, 39, 'Q40', 'Territorial rights were first guaranteed through the Royal Proclamation of 1763 by whom?', 'C', 'King George III'),
  (40, 2, 40, 'Q41', 'Most Metis people live in which region?', 'A', 'Prairie Provinces'),
  (41, 2, 41, 'Q42', 'Canadian citizens who are neither Inuit nor Metis are known as what?', 'A', 'First Nations'),
  (42, 2, 42, 'Q43', 'What does Inuit mean in the Inuktitut language?', 'A', 'the people'),
  (43, 2, 43, 'Q44', 'Until what date did the federal government force Aboriginal students to assimilate into mainstream Canadian culture?', 'B', '1980'),
  (44, 2, 44, 'Q45', 'Thousands of years ago, the ancestors of Aboriginal peoples migrated from where?', 'B', 'Asia'),
  (45, 2, 45, 'Q46', 'The Inuit live across which region?', 'A', 'Arctic'),
  (46, 2, 46, 'Q47', 'Who said immigrant groups should retain their individuality and each make its contribution to the national character?', 'A', 'John Buchan'),
  (47, 2, 47, 'Q48', 'In which year did Ottawa formally apologize for its treatment of Aboriginal students?', 'B', '2008'),
  (48, 2, 48, 'Q49', 'How many distinct groups make up Aboriginal peoples?', 'B', '3'),
  (49, 2, 49, 'Q50', 'The Metis are a distinct people of mixed Aboriginal and European ancestry from what backgrounds?', 'A', 'both French-speaking and English-speaking backgrounds'),
  (50, 2, 50, 'Q51', 'What is Canada''s greatest strength?', 'C', 'diversity'),
  (51, 2, 51, 'Q52', 'According to John Buchan, immigrants should learn from what?', 'B', 'other traditions'),
  (52, 2, 52, 'Q53', 'About how many anglophones are in Canada today?', 'A', '18 million'),
  (53, 2, 53, 'Q54', 'What percentage of Aboriginal peoples are Inuit?', 'A', '4%'),
  (54, 2, 54, 'Q55', 'Today Acadian culture is a lively part of what?', 'B', 'French-speaking Canada'),
  (55, 2, 55, 'Q56a', 'The majority of French-speaking Canadians belong to which province?', 'B', 'Quebec'),
  (56, 2, 56, 'Q56b', 'What are the descendants of the French colonists who began settling the Maritime provinces in 1604 called?', 'B', 'Acadians'),
  (57, 2, 57, 'Q58', 'What is the only officially bilingual province in Canada?', 'B', 'New Brunswick'),
  (58, 2, 58, 'Q59', 'Anglophones are people who speak what as their first language?', 'B', 'English'),
  (59, 2, 59, 'Q60', 'The deportation of more than two-thirds of the Acadians during the war between Britain and France from 1755 to 1763 is known as what?', 'A', 'Great Upheaval'),
  (60, 2, 60, 'Q61', 'Who began settling the Maritime provinces in 1604?', 'A', 'Acadians'),
  (61, 2, 61, 'Q62', 'In what year did the House of Commons recognize that the Quebecois form a nation within a united Canada?', 'D', '2006'),
  (62, 2, 62, 'Q63', 'About how many people speak French as their first language in Canada?', 'B', '7 million'),
  (63, 2, 63, 'Q64', 'Francophones are people who speak what as their first language?', 'A', 'French'),
  (64, 2, 64, 'Q65', 'Canada is also known as what?', 'A', 'land of immigrants'),
  (65, 2, 65, 'Q66', 'In becoming Canadian, newcomers are expected to embrace what?', 'A', 'Canadian law'),
  (66, 2, 66, 'Q67', 'After English, what is the second most spoken non-official language at home in Canada?', 'A', 'Chinese'),
  (67, 2, 67, 'Q68', 'Does every person in Canada have the freedom to live according to their religion?', 'A', 'Yes'),
  (68, 2, 68, 'Q69', 'Since 1970, immigrants have been most likely to come from where?', 'B', 'Asia'),
  (69, 2, 69, 'Q70', 'Gay and lesbian marriage under Canadian law is what?', 'B', 'allowed'),
  (70, 2, 70, 'Q71', 'The great majority of Canadians identify as what?', 'D', 'Christians'),
  (71, 2, 71, 'Q72', 'Compared to heterosexuals, what rights does Canada give gay and lesbian couples?', 'B', 'equal'),
  (72, 3, 72, 'Q73', 'Who was the commander of the British army who died leading troops at the Battle of the Plains of Abraham in 1759?', 'A', 'Brigadier James Wolfe'),
  (73, 3, 73, 'Q74', 'A large number of Aboriginals died because of what?', 'A', 'European diseases toward which they lacked immunity'),
  (74, 3, 74, 'Q75', 'Which nomadic peoples moved following the bison herds?', 'D', 'Sioux'),
  (75, 3, 75, 'Q76', 'Europeans found all regions occupied by native people they called what?', 'C', 'Indians'),
  (76, 3, 76, 'Q77', 'Who first drew a map of Canada''s east coast?', 'B', 'John Cabot'),
  (77, 3, 77, 'Q78', 'Who were the first Europeans to visit Canada?', 'A', 'Vikings'),
  (78, 3, 78, 'Q79', 'Europeans called natives Indians because the first explorers thought they had reached what?', 'C', 'East Indies'),
  (79, 3, 79, 'Q80', 'What is the name of the remains of the Viking settlement found in Newfoundland?', 'A', 'L''Anse aux Meadows'),
  (80, 3, 80, 'Q81', 'Jacques Cartier heard guides speak an Iroquoian word meaning what?', 'C', 'village'),
  (81, 3, 81, 'Q82', 'Since when has the name Canada appeared on maps?', 'B', '1550'),
  (82, 3, 82, 'Q83', 'The French Empire in North America reached from Hudson Bay south to where?', 'A', 'Gulf of Mexico'),
  (83, 3, 83, 'Q84', 'In 1608, Champlain built a fortress at which city?', 'C', 'Quebec City'),
  (84, 3, 84, 'Q85', 'In what year did the Iroquois and the French make peace?', 'B', '1701'),
  (85, 3, 85, 'Q86', 'What was the major trade between the French and Aboriginal peoples?', 'B', 'fur'),
  (86, 3, 86, 'Q87', 'The first European settlement north of Florida was established in which year?', 'B', '1604'),
  (87, 3, 87, 'Q88', 'The first European settlement north of Florida was established by which French explorers?', 'D', 'both A and C'),
  (88, 3, 88, 'Q89', 'In 1670, the Hudson''s Bay Company competed with which traders?', 'A', 'Montreal-based traders'),
  (89, 3, 89, 'Q90', 'Who granted the Hudson''s Bay Company exclusive trading rights in 1670?', 'B', 'King Charles II'),
  (90, 3, 90, 'Q91', 'In which battle did the British defeat the French at Quebec City?', 'A', 'Battle of the Plains of Abraham'),
  (91, 3, 91, 'Q92', 'The French-speaking Catholic people who preserved their way of life were known as what?', 'C', 'both A and B'),
  (92, 3, 92, 'Q93', 'After the Battle of the Plains of Abraham, the British renamed the colony what?', 'C', 'Province of Quebec'),
  (93, 3, 93, 'Q94', 'What did the Quebec Act of 1774 restore?', 'C', 'both A and B'),
  (94, 3, 94, 'Q95', 'What benefits did the Quebec Act of 1774 give Catholics?', 'D', 'both A and C'),
  (95, 3, 95, 'Q96', 'The Quebec Act of 1774 was meant to govern which majority?', 'B', 'French Roman Catholic majority'),
  (96, 3, 96, 'Q97', 'The more than 40,000 people loyal to the Crown who fled the American Revolution were called what?', 'B', 'Loyalists'),
  (97, 3, 97, 'Q98', 'In 1792, Black Nova Scotians moved to establish what settlement?', 'A', 'Sierra Leone'),
  (98, 3, 98, 'Q99', 'In 1776, 13 British colonies declared independence and formed what country?', 'A', 'United States'),
  (99, 3, 99, 'Q100', 'Joseph Brant led thousands of Loyalist Mohawk what into Canada?', 'B', 'Indians'),
  (100, 3, 100, 'Q101', 'Which Constitutional Act divided Quebec into Upper and Lower Canada?', 'C', '1791'),
  (101, 3, 101, 'Q102', 'In 1608, Champlain built a fortress at which city?', 'C', 'Quebec City'),
  (102, 3, 102, 'Q103', 'The Constitutional Act was passed by the British Parliament in which year?', 'A', '1791'),
  (103, 3, 103, 'Q104', 'The Atlantic colonies and Upper and Lower Canada were collectively called what?', 'B', 'British North America'),
  (104, 3, 104, 'Q105', 'The first representative assembly in Canada was elected in 1758 in which colony?', 'C', 'Nova Scotia'),
  (105, 3, 105, 'Q106', 'In which year did the name Canada become official?', 'A', '1791'),
  (106, 3, 106, 'Q107a', 'Who founded the city of York, now Toronto?', 'A', 'Governor John Graves Simcoe'),
  (107, 3, 107, 'Q107b', 'Which province first moved toward the abolition of slavery in 1793?', 'B', 'Upper Canada (Ontario)'),
  (108, 3, 108, 'Q109', 'In what year was slavery abolished throughout the British Empire?', 'D', '1833'),
  (109, 3, 109, 'Q110', 'Slaves escaped to Canada by means of what?', 'B', 'Underground Railroad'),
  (110, 3, 110, 'Q111', 'Canada''s first financial institutions opened in which period?', 'C', 'late 18th and early 19th centuries'),
  (111, 3, 111, 'Q112a', 'For centuries, Canada''s economy was based mainly on what?', 'C', 'natural resources such as fur, timber and fish'),
  (112, 3, 112, 'Q112b', 'When did the United States launch the invasion that led to the War of 1812?', 'B', '1812'),
  (113, 3, 113, 'Q113', 'Who was the first member of the Canadian Corps not born in the British Empire to receive the Victoria Cross?', 'B', 'Corporal Philip Konowal'),
  (114, 3, 114, 'Q114', 'Victoria Day is celebrated on which day?', 'C', 'Monday preceding May 25'),
  (115, 3, 115, 'Q115', 'The first companies in Canada were formed during what era?', 'B', 'French and British'),
  (116, 3, 116, 'Q116', 'Cities such as Edmonton, Langley, and Victoria started as what?', 'C', 'trading posts'),
  (117, 3, 117, 'Q117', 'The Montreal Stock Exchange opened in which year?', 'B', '1832'),
  (118, 3, 118, 'Q118', 'The first companies in Canada competed for which trade?', 'A', 'fur'),
  (119, 3, 119, 'Q119', 'At Chateauguay, how many Americans did Lt. Col. Charles de Salaberry turn back?', 'A', '4000'),
  (120, 3, 120, 'Q120', 'What was the purpose of the War of 1812 from Canada''s perspective?', 'B', 'to ensure Canada remained independent of the USA'),
  (121, 3, 121, 'Q121', 'Where did the Americans burn the Government House and Parliament buildings in 1813?', 'D', 'York'),
  (122, 3, 122, 'Q123', 'Which nation helped Canada against America in the War of 1812?', 'A', 'British'),
  (123, 3, 123, 'Q124', 'According to Lord Durham, Canadians should assimilate into which culture?', 'A', 'English-speaking'),
  (124, 3, 124, 'Q125', 'Lord Durham recommended that Upper and Lower Canada be merged and given what?', 'A', 'responsible government'),
  (125, 3, 125, 'Q126', 'Armed rebellion in the area outside Montreal and Toronto occurred in what years?', 'C', '1837-38'),
  (126, 3, 126, 'Q127', 'Who became the first head of responsible government in Canada?', 'A', 'Sir Louis-Hippolyte LaFontaine'),
  (127, 3, 127, 'Q128', 'In 1840, Upper and Lower Canada were united as what?', 'A', 'Province of Canada'),
  (128, 3, 128, 'Q129', 'Which was the first British North American colony to attain full responsible government in 1847-48?', 'B', 'Nova Scotia'),
  (129, 3, 129, 'Q131', 'Ontario and Quebec together with New Brunswick and Nova Scotia formed what in 1867?', 'A', 'Dominion of Canada'),
  (130, 3, 130, 'Q132', 'July 1 is officially celebrated as what?', 'A', 'Canada Day'),
  (131, 3, 131, 'Q133', 'When did Nunavut become part of Canada?', 'D', '1999'),
  (132, 3, 132, 'Q134', 'The men who worked to establish the new country from 1864 to 1867 are called what?', 'B', 'Fathers of Confederation'),
  (133, 3, 133, 'Q135', 'Which act did the British Parliament pass in 1867?', 'B', 'British North America Act'),
  (134, 3, 134, 'Q136', 'What system of government did the Fathers of Confederation create?', 'C', 'both A and B'),
  (135, 3, 135, 'Q137', 'When did Sir Leonard Tilley suggest the name Dominion of Canada?', 'A', '1864'),
  (136, 3, 136, 'Q138', 'Sir Leonard Tilley was inspired by which Psalm?', 'C', '72'),
  (137, 3, 137, 'Q139', 'Who was the first Prime Minister of Canada?', 'B', 'Sir John Alexander Macdonald'),
  (138, 3, 138, 'Q140', 'Parliament recognized January 11 as what?', 'C', 'Sir John Alexander Macdonald Day'),
  (139, 3, 139, 'Q141', 'Sir John A. Macdonald was born in Scotland on what date?', 'C', 'January 11, 1815'),
  (140, 3, 140, 'Q142', 'Whose portrait appears on the 10-dollar bill?', 'A', 'Sir John A. Macdonald'),
  (141, 3, 141, 'Q143', 'Who led Quebec into Confederation and helped negotiate the entry of the Northwest Territories, Manitoba and British Columbia?', 'A', 'Sir George-Etienne Cartier'),
  (142, 3, 142, 'Q144', 'When did Canada take over the Northwest from the Hudson''s Bay Company?', 'B', '1869'),
  (143, 3, 143, 'Q145', 'In what year did Prime Minister Macdonald establish the North West Mounted Police?', 'A', '1873'),
  (144, 3, 144, 'Q146', 'Louis Riel is known as what?', 'D', 'both A and B'),
  (145, 3, 145, 'Q147', 'The RCMP is considered what?', 'B', 'national police force'),
  (146, 3, 146, 'Q148', 'When Canada took over the Northwest in 1869, which group was not consulted?', 'C', 'Metis'),
  (147, 3, 147, 'Q149', 'Which province joined Canada in 1871 after the railway promise?', 'B', 'British Columbia'),
  (148, 3, 148, 'Q150', 'The railway project was financed by which countries?', 'D', 'both A and C'),
  (149, 3, 149, 'Q151', 'In what year did the Government of Canada apologize for the discriminatory policy against Chinese immigrants, including the head tax?', 'B', '2006'),
  (150, 3, 150, 'Q152', 'How many immigrants were welcomed during the economic boom before the First World War?', 'B', '2 million'),
  (151, 3, 151, 'Q153', 'Who was the first French Canadian Prime Minister since Confederation?', 'C', 'Sir Wilfrid Laurier'),
  (152, 3, 152, 'Q154', 'Most immigrants before the First World War came from where?', 'A', 'Ukraine'),
  (153, 3, 153, 'Q155', 'The Canadian Corps captured Vimy Ridge in which month and year?', 'B', 'April 1917'),
  (154, 3, 154, 'Q156', 'The South African War of 1899-1902 is also known as what?', 'C', 'Boer War'),
  (155, 3, 155, 'Q157', 'How many soldiers sacrificed their lives in the First World War?', 'D', '60000'),
  (156, 3, 156, 'Q158', 'Ottawa interned more than 8000 former Austro-Hungarian subjects, mainly which group?', 'A', 'Ukrainian men'),
  (157, 3, 157, 'Q159', 'How many Canadians served in the First World War out of a population of 8 million?', 'C', '600000'),
  (158, 3, 158, 'Q160', 'Who was the first woman to practice medicine in Canada?', 'C', 'Dr. Emily Stowe'),
  (159, 3, 159, 'Q161', 'In which year were most women citizens aged 21 and over granted the right to vote in federal elections?', 'B', '1918'),
  (160, 3, 160, 'Q162', 'In 1921, who became the first woman member of Parliament?', 'A', 'Agnes McPhail'),
  (161, 3, 161, 'Q163', 'The nurses who served in the Royal Canadian Army Medical Corps were known as what?', 'B', 'Bluebirds'),
  (162, 3, 162, 'Q164', 'The effort by women to achieve the right to vote is known as what?', 'A', 'women''s suffrage movement'),
  (163, 3, 163, 'Q165', 'Women were granted the right to vote in provincial elections in Quebec in what year?', 'B', '1940'),
  (164, 3, 164, 'Q166', 'Which province first gave women the right to vote?', 'A', 'Manitoba'),
  (165, 3, 165, 'Q167', 'Farmers in Western Canada were hit hardest by drought in which decade?', 'B', '1930s'),
  (166, 3, 166, 'Q168', 'Canada and other former countries of the British Empire are part of what?', 'A', 'Commonwealth of Nations'),
  (167, 3, 167, 'Q169', 'Who composed the poem In Flanders Fields?', 'C', 'Colonel John McCrae'),
  (168, 3, 168, 'Q170', 'What were the outcomes of the Dirty Thirties?', 'D', 'all of these'),
  (169, 3, 169, 'Q171', 'What does the Remembrance Day poppy symbolize?', 'D', 'remembering the sacrifices of Canadians who served or died in wars'),
  (170, 3, 170, 'Q172', 'On what date do Canadians remember veterans?', 'C', 'November 11'),
  (171, 3, 171, 'Q173', 'The Bank of Canada was established in what year?', 'D', '1934'),
  (172, 3, 172, 'Q174', 'Canadians took part in the liberation of which country in 1943-44?', 'C', 'Italy'),
  (173, 3, 173, 'Q175', 'What was D-Day?', 'A', 'an Allied invasion of Normandy on June 6, 1944'),
  (174, 3, 174, 'Q176', 'Approximately what fraction of Allied troops on D-Day were Canadian?', 'A', '10%'),
  (175, 3, 175, 'Q177', 'Canadian troops captured which beach on D-Day?', 'B', 'Juno Beach'),
  (176, 3, 176, 'Q178', 'How many Newfoundlanders served in the Second World War?', 'A', '1 million'),
  (177, 3, 177, 'Q179', 'In 1941, Canada suffered in the unsuccessful defense of which place from the Japanese?', 'C', 'Hong Kong'),
  (178, 3, 178, 'Q180', 'How many Canadian soldiers were killed in the Second World War?', 'C', '44000'),
  (179, 3, 179, 'Q181', 'By the end of the Second World War, Canada''s navy was what?', 'B', 'third largest navy in the world'),
  (180, 3, 180, 'Q182', 'The Royal Canadian Navy''s finest hour occurred in which battle?', 'B', 'Battle of the Atlantic'),
  (181, 3, 181, 'Q183', 'The Second World War began in which year?', 'C', '1939'),
  (182, 4, 182, 'Q184', 'The Canada Pension Plan and Quebec Pension Plan were introduced in what year?', 'C', '1965'),
  (183, 4, 183, 'Q185', 'By what year did more than half of Canadians have adequate food, shelter and clothing?', 'C', '1951'),
  (184, 4, 184, 'Q186', 'What ensures common elements of health care across Canada?', 'A', 'Canada Health Act'),
  (185, 4, 185, 'Q187', 'What began Canada''s modern energy industry?', 'A', 'discovery of oil in Alberta in 1947'),
  (186, 4, 186, 'Q188', 'Provincial and territorial governments provide funds for what?', 'A', 'public education'),
  (187, 4, 187, 'Q189', 'Federal unemployment insurance was introduced in what year?', 'A', '1940'),
  (188, 4, 188, 'Q190', 'How many Canadian soldiers died in the Korean War?', 'C', '500'),
  (189, 4, 189, 'Q191', 'After the Second World War, Canada took part in which UN mission?', 'A', 'peacekeeping'),
  (190, 4, 190, 'Q192', 'Canada joined democratic Western countries to form what alliance?', 'A', 'NATO'),
  (191, 4, 191, 'Q193', 'Canadian troops fought in the Korean War during which years?', 'A', '1950-1953'),
  (192, 4, 192, 'Q194', 'The last referendum defeat for Quebec sovereignty occurred in what year?', 'D', '1995'),
  (193, 4, 193, 'Q195', 'What did the Official Languages Act of 1969 do?', 'B', 'guarantee federal government services in French and English'),
  (194, 4, 194, 'Q196', 'The rapid change in Quebec during the 1960s is called what?', 'B', 'Quiet Revolution'),
  (195, 4, 195, 'Q197', 'In what year was La Francophonie founded?', 'C', '1970'),
  (196, 4, 196, 'Q198', 'Japanese Canadians got the right to vote in what year?', 'C', '1948'),
  (197, 4, 197, 'Q199', 'The 37,000 people who escaped Soviet tyranny in 1956 and were welcomed by Canada were from which country?', 'A', 'Hungary'),
  (198, 4, 198, 'Q200', 'Aboriginal peoples were granted the right to vote in what year?', 'B', '1960'),
  (199, 4, 199, 'Q201', 'By the 1960s, what fraction of Canadians had origins that were neither British nor French?', 'B', 'one third'),
  (200, 4, 200, 'Q202', 'Canada welcomed 50,000 refugees from which country in 1976?', 'D', 'Vietnam'),
  (201, 4, 201, 'Q203', 'A better-educated population created what opportunity for women?', 'A', 'entering professional workforces'),
  (202, 4, 202, 'Q204', 'Which are Canadian musicians?', 'C', 'both A and B'),
  (203, 4, 203, 'Q205', 'Who is a famous Canadian writer?', 'A', 'Pauline Johnson'),
  (204, 4, 204, 'Q206', 'Wayne Gretzky played for which team from 1979 to 1988?', 'B', 'Edmonton Oilers'),
  (205, 4, 205, 'Q207', 'CFL teams compete for which trophy?', 'A', 'Gray Cup'),
  (206, 4, 206, 'Q208', 'Who were the pioneers of modern abstract art in Quebec in the 1950s?', 'A', 'Les Automatistes'),
  (207, 4, 207, 'Q209', 'Who was the world record sprinter and double Olympic gold medalist in 1996?', 'B', 'Donovan Bailey'),
  (208, 4, 208, 'Q210', 'Who is the world champion wheelchair racer and Paralympic gold medalist?', 'D', 'Chantal Petitclerc'),
  (209, 4, 209, 'Q211', 'Who began the cross-country Marathon of Hope to raise money for cancer research?', 'B', 'Terry Fox'),
  (210, 4, 210, 'Q212', 'Who invented basketball?', 'A', 'James Naismith'),
  (211, 4, 211, 'Q213', 'Herzberg, Polanyi, Altman, Taylor, Smith and Brockhouse were what?', 'C', 'scientists'),
  (212, 4, 212, 'Q214', 'What is Canada''s best-known contribution to the visual arts?', 'B', 'Group of Seven'),
  (213, 4, 213, 'Q215', 'Who invented the Canadarm?', 'D', 'SPAR Aerospace'),
  (214, 4, 214, 'Q216', 'Who invented the worldwide system of standard time zones?', 'D', 'Sir Sanford Fleming'),
  (215, 4, 215, 'Q217', 'Who discovered insulin?', 'A', 'Sir Frederick Banting'),
  (216, 4, 216, 'Q218', 'Which wireless communication company became known for the Blackberry?', 'D', 'BlackBerry'),
  (217, 4, 217, 'Q219', 'Who invented the first cardiac pacemaker?', 'B', 'Dr. John A. Hopps'),
  (218, 4, 218, 'Q220', 'Which is NOT a Canadian invention?', 'C', 'electric light bulb'),
  (219, 5, 219, 'Q221', 'The federal government is responsible for what?', 'B', 'national and international concerns'),
  (220, 5, 220, 'Q222', 'Health care is whose responsibility?', 'A', 'provincial government'),
  (221, 5, 221, 'Q223', 'What is the minimum voting age in Canada?', 'C', '18'),
  (222, 5, 222, 'Q224', 'Provinces are governed by what?', 'C', 'legislative assemblies'),
  (223, 5, 223, 'Q225', 'Which act defines the responsibilities of the federal and provincial governments?', 'C', 'both A and B'),
  (224, 5, 224, 'Q226', 'Where does the federal government sit?', 'D', 'Ottawa'),
  (225, 5, 225, 'Q227', 'Which key facts describe Canada''s system of government?', 'D', 'all of these'),
  (226, 5, 226, 'Q228', 'Who grants royal assent to a bill on behalf of the Sovereign?', 'A', 'Governor General'),
  (227, 5, 227, 'Q229', 'Which part of Parliament has members appointed by the Governor General who serve until age 75?', 'D', 'Senate'),
  (228, 5, 228, 'Q230', 'How are members of the House of Commons selected?', 'D', 'elected by voters in local constituencies'),
  (229, 5, 229, 'Q231', 'What are the parts of Parliament?', 'D', 'all of these'),
  (230, 5, 230, 'Q232', 'Cabinet ministers must resign if they are defeated in what kind of vote?', 'A', 'non-confidence vote'),
  (231, 5, 231, 'Q233', 'How often must elections for the House of Commons be held?', 'C', 'every 4 years'),
  (232, 5, 232, 'Q234', 'How many times must a bill be read in the House of Commons?', 'C', 'three times'),
  (233, 5, 233, 'Q235', 'To become law, a bill must do what?', 'D', 'all of these'),
  (234, 5, 234, 'Q236', 'Who represents the Sovereign in the provincial legislatures?', 'A', 'Lieutenant governors'),
  (235, 5, 235, 'Q237', 'Who selects cabinet ministers in the federal government?', 'A', 'Prime Minister'),
  (236, 5, 236, 'Q238', 'Which is NOT part of Parliament?', 'B', 'Lieutenant governors'),
  (237, 5, 237, 'Q239', 'In a parliamentary democracy, representatives are responsible for what?', 'D', 'all of these'),
  (238, 5, 238, 'Q240', 'A proposed law in Parliament is called what?', 'D', 'bill'),
  (239, 5, 239, 'Q241', 'Senators are appointed by whom?', 'D', 'Governor General'),
  (240, 5, 240, 'Q242', 'Who is the head of government in Canada?', 'A', 'Prime Minister'),
  (241, 5, 241, 'Q243', 'Who is the head of state in Canada?', 'C', 'Sovereign'),
  (242, 5, 242, 'Q244', 'The Governor General is appointed by whom?', 'A', 'Sovereign on the advice of the Prime Minister'),
  (243, 5, 243, 'Q245', 'As head of the Commonwealth, the Sovereign links Canada to how many nations?', 'D', '53'),
  (244, 5, 244, 'Q246', 'The Governor General is usually appointed for how many years?', 'B', '5'),
  (245, 5, 245, 'Q247', 'What office has a similar role to the Governor General in each province?', 'A', 'Lieutenant Governor'),
  (246, 5, 246, 'Q248', 'The Sovereign is represented in Canada by whom?', 'B', 'Governor General'),
  (247, 5, 247, 'Q249', 'Who has no political role in Canadian democracy?', 'A', 'Sovereign'),
  (248, 5, 248, 'Q250', 'In each province, who performs a role similar to the Prime Minister?', 'B', 'Premier'),
  (249, 5, 249, 'Q251', 'Who represents the Sovereign in each of the 10 provinces for five years?', 'C', 'Lieutenant Governor'),
  (250, 5, 250, 'Q252', 'Who leads the governments of the provinces?', 'B', 'Premiers'),
  (251, 5, 251, 'Q253', 'No bill becomes law until it passes both chambers and receives what?', 'A', 'royal assent'),
  (252, 6, 252, 'Q254', 'How many members of the House of Commons are elected?', 'D', '308'),
  (253, 6, 253, 'Q255', 'Who represents every electoral district in the House of Commons?', 'A', 'MP'),
  (254, 6, 254, 'Q256', 'In a federal election, Canadians vote for whom?', 'D', 'Members of the House of Commons'),
  (255, 6, 255, 'Q257', 'An electoral district is a geographical area represented by whom?', 'A', 'MP'),
  (256, 6, 256, 'Q258', 'Canada is divided into how many electoral districts?', 'D', '308'),
  (257, 6, 257, 'Q259', 'At what age can a Canadian run in a federal election?', 'C', '18 or older'),
  (258, 6, 258, 'Q260', 'How many people can run from a single district?', 'D', 'as many as qualify'),
  (259, 6, 259, 'Q261', 'How many districts are there in Canada?', 'B', '308'),
  (260, 6, 260, 'Q262', 'Federal elections must be held on which schedule?', 'C', 'third Monday in October every 4 years'),
  (261, 6, 261, 'Q263', 'Voting details are passed to citizens through what?', 'B', 'mail'),
  (262, 6, 262, 'Q264', 'How can you vote if you cannot vote on election day?', 'B', 'advance polls or special ballot'),
  (263, 6, 263, 'Q265', 'Can a Canadian citizen be added to the voters list on election day?', 'A', 'yes'),
  (264, 6, 264, 'Q266', 'Voters lists are produced by whom?', 'A', 'Elections Canada'),
  (265, 6, 265, 'Q267', 'What is the paper you vote on called?', 'D', 'ballot'),
  (266, 6, 266, 'Q268', 'What does secret ballot mean?', 'B', 'no one can watch you vote and no one knows how you voted'),
  (267, 6, 267, 'Q269', 'After an election, the Governor General asks which party to form the government?', 'B', 'the party with more seats'),
  (268, 6, 268, 'Q270', 'The three major political parties in the House of Commons listed here are Conservative, NDP and which other party?', 'B', 'Liberal Party'),
  (269, 6, 269, 'Q271', 'If the majority vote against a major government decision, the party in power is what?', 'B', 'defeated'),
  (270, 6, 270, 'Q272', 'If a party holds at least half the seats, what is it called?', 'B', 'majority government'),
  (271, 6, 271, 'Q273', 'The Prime Minister and cabinet ministers together are called what?', 'B', 'Cabinet'),
  (272, 6, 272, 'Q274', 'Who governs provincial government departments?', 'C', 'Cabinet ministers'),
  (273, 6, 273, 'Q275', 'Who runs federal government departments?', 'B', 'cabinet ministers'),
  (274, 6, 274, 'Q276', 'What mark do you make on a ballot?', 'C', 'X'),
  (275, 6, 275, 'Q277', 'The government ensures your vote remains what?', 'C', 'secret'),
  (276, 6, 276, 'Q278', 'What confirms your name on the voters list and tells you when and where to vote?', 'C', 'voter information card'),
  (277, 6, 277, 'Q279', 'Which is a responsibility of the federal government?', 'A', 'national defence'),
  (278, 6, 278, 'Q280', 'Which is a responsibility of municipal government?', 'D', 'social and community health'),
  (279, 6, 279, 'Q281', 'Municipal laws affecting only the local community are called what?', 'C', 'bylaw'),
  (280, 6, 280, 'Q282', 'A municipal council usually includes councillors or aldermen and whom else?', 'A', 'mayor'),
  (281, 7, 281, 'Q295', 'The Crown has been a symbol of the state in Canada for over how many years?', 'B', '400'),
  (282, 7, 282, 'Q296', 'Canada has been a constitutional monarchy since Confederation in 1867 during whose reign?', 'B', 'Queen Victoria'),
  (283, 7, 283, 'Q297', 'Who became Queen of Canada in 1952 and celebrated a Golden Jubilee in 2002 and Diamond Jubilee in 2012?', 'B', 'Queen Elizabeth II'),
  (284, 7, 284, 'Q298', 'The red and white pattern of the Canadian flag is derived from which institution''s colours?', 'C', 'Royal Military College Kingston'),
  (285, 7, 285, 'Q299', 'Which colours have been the national colours of Canada since 1921?', 'C', 'red and white'),
  (286, 7, 286, 'Q300', 'What is Canada''s official royal flag?', 'A', 'Union Jack'),
  (287, 7, 287, 'Q301', 'The Royal Military College in Kingston was founded in what year?', 'B', '1876'),
  (288, 7, 288, 'Q302', 'The new Canadian flag was first raised in what year?', 'A', '1965'),
  (289, 7, 289, 'Q303', 'The Canadian Red Ensign served as Canada''s flag for about how many years?', 'B', '100'),
  (290, 7, 290, 'Q304', 'The maple leaf has appeared on Canadian military uniforms since the what?', 'B', '1850s'),
  (291, 7, 291, 'Q305', 'What is Canada''s best-known symbol?', 'C', 'maple leaf'),
  (292, 7, 292, 'Q306', 'Maple leaves were first adopted as a symbol by French Canadians in the what?', 'D', '1700s'),
  (293, 7, 293, 'Q307', 'Which symbol was included in the Canadian Red Ensign at Confederation?', 'C', 'fleur-de-lis'),
  (294, 7, 294, 'Q308', 'What does fleur-de-lis mean in French?', 'B', 'lily flower'),
  (295, 7, 295, 'Q309', 'The lily flower was adopted by the French king in what year?', 'C', '496'),
  (296, 7, 296, 'Q310', 'Quebec adopted its own flag based on the cross and fleur-de-lis in what year?', 'A', '1948'),
  (297, 7, 297, 'Q311', 'The lily flower has been a symbol of French royalty for about how many years?', 'B', '1000'),
  (298, 7, 298, 'Q312', 'What does the Latin motto A mari usque ad mare mean?', 'C', 'from sea to sea'),
  (299, 7, 299, 'Q313', 'Canada adopted its official coat of arms and national motto after which war?', 'A', 'First World War'),
  (300, 7, 300, 'Q314', 'The Canadian arms contain symbols of England, France, Scotland and which other country?', 'C', 'Ireland'),
  (301, 7, 301, 'Q315', 'Which building was completed in the 1860s?', 'A', 'Parliament buildings'),
  (302, 7, 302, 'Q316', 'The Memorial Chamber contains books of remembrance with the names of whom?', 'A', 'soldiers who died in war'),
  (303, 7, 303, 'Q317', 'The Quebec National Assembly is built in which style?', 'B', 'French Second Empire'),
  (304, 7, 304, 'Q318', 'The Peace Tower was completed in what year?', 'B', '1927'),
  (305, 7, 305, 'Q319', 'What is the only original part remaining in the Canadian Parliament after the 1916 fire?', 'C', 'library'),
  (306, 7, 306, 'Q320', 'The Memorial Chamber of the Peace Tower contains what?', 'C', 'books of remembrance'),
  (307, 7, 307, 'Q321', 'The Peace Tower was built in memory of which war?', 'C', 'First World War'),
  (308, 7, 308, 'Q322', 'Ice hockey was developed in Canada in which century?', 'B', '1800s'),
  (309, 7, 309, 'Q323', 'What is Canada''s national winter sport?', 'C', 'hockey'),
  (310, 7, 310, 'Q324', 'What is the second most popular sport in Canada?', 'B', 'football'),
  (311, 7, 311, 'Q325', 'Lacrosse was first played by whom?', 'C', 'Aboriginal peoples'),
  (312, 7, 312, 'Q326', 'Which sport has the most registered players in Canada?', 'D', 'soccer'),
  (313, 7, 313, 'Q327', 'The Stanley Cup was donated by whom?', 'B', 'Lord Stanley'),
  (314, 7, 314, 'Q328', 'Which sport was introduced by Scottish pioneers?', 'D', 'curling'),
  (315, 7, 315, 'Q329', 'What is Canada''s official summer sport?', 'B', 'lacrosse'),
  (316, 7, 316, 'Q340', 'What is Canada''s most popular spectator sport?', 'D', 'hockey'),
  (317, 7, 317, 'Q341', 'The Clarkson Cup is awarded for what?', 'B', 'women''s hockey'),
  (318, 7, 318, 'Q342', 'What was adopted centuries ago as a symbol of the Hudson''s Bay Company?', 'D', 'beaver'),
  (319, 7, 319, 'Q343', 'Which symbol appears on the 5-cent coin?', 'D', 'beaver'),
  (320, 7, 320, 'Q344', 'The beaver became the emblem of the St. Jean Baptiste Society in what year?', 'A', '1834'),
  (321, 7, 321, 'Q345', 'Which symbol appears on the coats of arms of Montreal and Toronto?', 'C', 'beaver'),
  (322, 7, 322, 'Q346', 'Where was O Canada first sung?', 'C', 'Quebec City'),
  (323, 7, 323, 'Q347', 'English and French have equal status where?', 'A', 'everywhere'),
  (324, 7, 324, 'Q348', 'O Canada was proclaimed the national anthem in what year?', 'C', '1980'),
  (325, 7, 325, 'Q349', 'What is the royal anthem of Canada?', 'B', 'God Save the Queen'),
  (326, 7, 326, 'Q350', 'How do French and English Canadians sing the national anthem?', 'B', 'in the words of their own language'),
  (327, 7, 327, 'Q351', 'Anglophones and francophones have lived together in Canada for more than how many years?', 'B', '300'),
  (328, 7, 328, 'Q352', 'Parliament passed the Official Languages Act in what year?', 'B', '1969'),
  (329, 7, 329, 'Q353', 'What age range of citizenship applicants must have adequate knowledge of English or French?', 'B', '18-54'),
  (330, 7, 330, 'Q354', 'Canada started the Order of Canada honor system in what year?', 'C', '1967'),
  (331, 7, 331, 'Q355', 'Before the Order of Canada, Canada used which honor system?', 'C', 'British'),
  (332, 7, 332, 'Q356', 'Who can nominate a Canadian for an honor?', 'A', 'any Canadian'),
  (333, 7, 333, 'Q357', 'Who was the first Canadian to be awarded the Victoria Cross?', 'C', 'Lt. Alexander Robert Dunn'),
  (334, 7, 334, 'Q358', 'Who was the last Canadian to be awarded the Victoria Cross?', 'D', 'Lt. Robert Hampton Gray'),
  (335, 7, 335, 'Q359', 'The Victoria Cross is awarded for what?', 'B', 'conspicuous bravery'),
  (336, 7, 336, 'Q360', 'What is the highest honour available to Canadians?', 'B', 'Victoria Cross'),
  (337, 7, 337, 'Q361', 'How many people have been awarded the Victoria Cross since 1854?', 'D', '96'),
  (338, 7, 338, 'Q362', 'Who was the first Black man to receive the Victoria Cross?', 'A', 'Abel Seaman William Hall'),
  (339, 8, 339, 'Q363', 'Good Friday is celebrated on what day?', 'A', 'Friday preceding Easter Sunday'),
  (340, 8, 340, 'Q364', 'Boxing Day is observed on what date?', 'D', 'December 26'),
  (341, 8, 341, 'Q365', 'Vimy Day is observed on what date?', 'A', 'April 9'),
  (342, 8, 342, 'Q366', 'Christmas Day is observed on what date?', 'C', 'December 25'),
  (343, 8, 343, 'Q367', 'Canada Day is celebrated on what date?', 'B', 'July 1'),
  (344, 8, 344, 'Q368', 'The feast of St. Jean Baptiste is celebrated on what date?', 'B', 'June 24'),
  (345, 8, 345, 'Q369', 'Labour Day is celebrated on which day?', 'B', 'first Monday in September'),
  (346, 8, 346, 'Q370', 'Sir Wilfrid Laurier Day is observed on what date?', 'B', 'November 20'),
  (347, 8, 347, 'Q371', 'Remembrance Day is observed on what date?', 'A', 'November 11'),
  (348, 9, 348, 'Q372', 'Canada''s economy is among the world''s how many largest?', 'D', 'top 10'),
  (349, 9, 349, 'Q373', 'Canada enacted free trade with the United States in what year?', 'B', '1988'),
  (350, 9, 350, 'Q374', 'Canada''s economy mostly depends on what?', 'D', 'trading'),
  (351, 9, 351, 'Q375', 'Which country became Canada''s NAFTA partner in 1994?', 'C', 'Mexico'),
  (352, 9, 352, 'Q376', 'Who is Canada''s largest trading partner?', 'B', 'United States'),
  (353, 9, 353, 'Q377', 'What phrase describes the border between Canada and the United States?', 'A', 'the world''s longest undefended border'),
  (354, 9, 354, 'Q378', 'What proportion of Canadian workers are employed in service industries?', 'C', '75%'),
  (355, 9, 355, 'Q379', 'How much of Canada''s exports go to the United States?', 'B', 'three quarters'),
  (356, 9, 356, 'Q380', 'Canada''s major exports are mainly what?', 'A', 'natural resources'),
  (357, 9, 357, 'Q382', 'How many distinct regions does Canada have?', 'D', '5'),
  (358, 10, 358, 'Q383', 'Which ocean lies to the west of Canada?', 'A', 'Pacific'),
  (359, 10, 359, 'Q384', 'Canada is the what largest country in the world?', 'B', 'second'),
  (360, 10, 360, 'Q385', 'Along the southern edge of Canada lies what?', 'C', 'Canada-US boundary'),
  (361, 10, 361, 'Q386', 'How many oceans surround Canada?', 'B', '3'),
  (362, 10, 362, 'Q387', 'Which region is in the east of Canada?', 'B', 'Atlantic Provinces'),
  (363, 10, 363, 'Q388', 'Who chose Ottawa as the capital in 1857?', 'C', 'Queen Victoria'),
  (364, 10, 364, 'Q389', 'The area surrounding Ottawa is known as what?', 'A', 'National Capital Region'),
  (365, 10, 365, 'Q390', 'Ottawa was chosen as the capital in what year?', 'A', '1857'),
  (366, 10, 366, 'Q391', 'What is the capital of Canada?', 'B', 'Ottawa'),
  (367, 10, 367, 'Q392', 'Ottawa is Canada''s what largest metropolitan area?', 'D', 'fourth'),
  (368, 10, 368, 'Q393', 'How many territories are there in Canada?', 'B', '3'),
  (369, 10, 369, 'Q394', 'How many provinces are there in Canada?', 'B', '10'),
  (370, 10, 370, 'Q395', 'Canada''s population is approximately what?', 'D', '34 million'),
  (371, 10, 371, 'Q396', 'Anne of Green Gables is set in Prince Edward Island and features which named character?', 'A', 'Anne'),
  (372, 10, 372, 'Q397', 'Which is the most populous Atlantic province?', 'C', 'Nova Scotia'),
  (373, 10, 373, 'Q398', 'New Brunswick is situated on which mountains?', 'A', 'Appalachian'),
  (374, 10, 374, 'Q399', 'Which is the smallest province in the Atlantic region?', 'B', 'Prince Edward Island'),
  (375, 10, 375, 'Q400', 'Which province is the most easterly point in North America with its own time zone?', 'A', 'Newfoundland and Labrador'),
  (376, 10, 376, 'Q401', 'Which province is known as the gateway to Canada?', 'C', 'Nova Scotia'),
  (377, 10, 377, 'Q402', 'Which is the only officially bilingual province, with about one-third French-speaking population?', 'D', 'New Brunswick'),
  (378, 10, 378, 'Q403', 'What is the largest city in New Brunswick?', 'A', 'Saint John'),
  (379, 10, 379, 'Q404', 'The St. John River, the second largest river system on the Atlantic coast of North America, is in which province?', 'D', 'New Brunswick'),
  (380, 10, 380, 'Q405', 'The Atlantic region contains Newfoundland and Labrador, New Brunswick, Prince Edward Island, and which other province?', 'D', 'Nova Scotia'),
  (381, 10, 381, 'Q406', 'Which province is home to Canada''s largest naval base?', 'C', 'Nova Scotia'),
  (382, 10, 382, 'Q407', 'Which province hosts more than 700 annual festivals including the Military Tattoo?', 'A', 'Nova Scotia'),
  (383, 10, 383, 'Q408', 'What fraction of New Brunswick''s population lives and works in French?', 'B', 'one third'),
  (384, 10, 384, 'Q409', 'How many provinces are in the Atlantic region?', 'A', '4'),
  (385, 10, 385, 'Q410', 'Newfoundland was the oldest colony of which empire?', 'B', 'British'),
  (386, 10, 386, 'Q411', 'Prince Edward Island is known for its beaches, red soil and especially what crop?', 'B', 'potatoes'),
  (387, 10, 387, 'Q412', 'How many provinces are in Central Canada?', 'A', '2'),
  (388, 10, 388, 'Q413', 'What is the largest city in Canada by population?', 'B', 'Toronto'),
  (389, 10, 389, 'Q414', 'What is Canada''s second largest city and the world''s second largest French-speaking city after Paris?', 'D', 'Montreal'),
  (390, 10, 390, 'Q415a', 'How many Great Lakes are there between Ontario and the United States?', 'B', '5'),
  (391, 10, 391, 'Q415b', 'Ontario contains about what percentage of Canadians?', 'B', 'one third'),
  (392, 10, 392, 'Q417', 'Which province is Canada''s largest producer of hydroelectricity?', 'A', 'Quebec'),
  (393, 10, 393, 'Q418', 'What is the largest freshwater lake in the world?', 'C', 'Lake Superior'),
  (394, 10, 394, 'Q419', 'What fraction of Canadians live near the Great Lakes and the St. Lawrence River?', 'B', 'one half'),
  (395, 10, 395, 'Q420', 'About how many people live in Quebec?', 'B', '8 million'),
  (396, 10, 396, 'Q421', 'Which province produces most of Canada''s oil and gas?', 'B', 'Alberta'),
  (397, 10, 397, 'Q422', 'Alberta has five national parks, including Banff, established in what year?', 'A', '1885'),
  (398, 10, 398, 'Q423', 'Which province has the largest Aboriginal population?', 'C', 'Manitoba'),
  (399, 10, 399, 'Q424', 'Saskatchewan has what percentage of Canada''s arable land?', 'B', '40%'),
  (400, 10, 400, 'Q425', 'The Prairie provinces contain most of Canada''s what?', 'A', 'fertile farmlands'),
  (401, 10, 401, 'Q426', 'Where is the RCMP training academy located?', 'C', 'Regina'),
  (402, 10, 402, 'Q427', 'What is the capital of Alberta?', 'D', 'Edmonton'),
  (403, 10, 403, 'Q428', 'What city is the headquarters of the mining industry and an educational and technology center?', 'B', 'Saskatoon'),
  (404, 10, 404, 'Q429', 'Which city is a tourist center and the headquarters of the Navy''s Pacific Fleet?', 'B', 'Victoria'),
  (405, 10, 405, 'Q430', 'British Columbia''s population is about what?', 'B', '4 million'),
  (406, 10, 406, 'Q431', 'About half of the goods produced in British Columbia are what?', 'C', 'forestry products'),
  (407, 10, 407, 'Q432', 'What is the capital of British Columbia?', 'C', 'Victoria'),
  (408, 10, 408, 'Q433', 'British Columbia has about how many provincial parks?', 'C', '600'),
  (409, 10, 409, 'Q434', 'Which port is called the gateway to the Asia-Pacific?', 'A', 'Port of Vancouver'),
  (410, 10, 410, 'Q435', 'Canada''s highest mountain, Mount Logan, is located in which territory?', 'B', 'Yukon'),
  (411, 10, 411, 'Q436', 'What is the second largest river system in North America?', 'A', 'Mackenzie River'),
  (412, 10, 412, 'Q437', 'The Northwest Territories, Nunavut and Yukon contain what fraction of Canada''s land mass?', 'B', 'one third'),
  (413, 10, 413, 'Q438', 'What is the diamond capital of North America?', 'C', 'Yellowknife'),
  (414, 10, 414, 'Q439', 'Which region has long cold winters and short cool summers?', 'D', 'Northern Territories'),
  (415, 10, 415, 'Q440', 'What is the capital of Yukon?', 'C', 'Whitehorse'),
  (416, 10, 416, 'Q441', 'The three northern territories together have a population of about how many people?', 'A', '100000'),
  (417, 10, 417, 'Q442', 'Nunavut was established from the eastern part of the Northwest Territories in what year?', 'A', '1999'),
  (418, 10, 418, 'Q443', 'Miners came to Yukon during the gold rush of the what?', 'B', '1890s'),
  (419, 10, 419, 'Q444', 'Canada''s North is often referred to as what?', 'B', 'land of the midnight sun'),
  (420, 10, 420, 'Q445', 'Which territory is 85% Inuit and uses Inuktitut as an official language and the first language in school?', 'D', 'Nunavut'),
  (421, 10, 421, 'Q446', 'What animal is a symbol of Canada''s North?', 'C', 'caribou'),
  (422, 10, 422, 'Q447', 'Which force is part of the Canadian Forces Reserve militia?', 'B', 'Canadian Rangers'),
  (423, 10, 423, 'Q448', 'How do Rangers often travel in winter?', 'C', 'snowmobiles'),
  (424, 11, 424, 'Q449', 'An MP spending the weekend in their electoral district means they are where?', 'C', 'in the part of the country where they were elected'),
  (425, 11, 425, 'Q450', 'After a federal election, which party forms the government?', 'A', 'the party with the most elected representatives invited by the Governor General'),
  (426, 11, 426, 'Q451', 'What principle of Canadian law allows a new immigrant woman to take a job on the same basis as a man?', 'A', 'equality of women and men'),
  (427, 11, 427, 'Q452', 'The name Canada comes from what?', 'D', 'Kanata, a Huron-Iroquoian word for village'),
  (428, 11, 428, 'Q453', 'Where do English and French have equal status?', 'C', 'Parliament of Canada'),
  (429, 11, 429, 'Q454', 'What is the first line of Canada''s national anthem?', 'A', 'O Canada, our home and native land'),
  (430, 11, 430, 'Q455', 'How is the government formed after an election?', 'B', 'the party with the most representatives forms government and its leader becomes Prime Minister'),
  (431, 11, 431, 'Q456', 'Are you allowed to question the police about their service or conduct?', 'D', 'yes, if you feel the need to'),
  (432, 11, 432, 'Q457', 'Which industry employs most Canadians?', 'C', 'service'),
  (433, 11, 433, 'Q458', 'In which region do more than half of Canadians live?', 'A', 'Central Canada'),
  (434, 11, 434, 'Q459', 'Which set correctly lists the major federal political parties and leaders named in the transcript?', 'A', 'Conservative Poilievre, NDP Singh, Liberal Trudeau, Bloc Blanchet, Green Kutner'),
  (435, 11, 435, 'Q460', 'What are the five regions of Canada?', 'C', 'Atlantic, Central, Prairie, West Coast, North'),
  (436, 11, 436, 'Q461', 'Which set lists three additional rights in the Charter?', 'B', 'mobility rights, multiculturalism, Aboriginal rights'),
  (437, 11, 437, 'Q462', 'Which are two fundamental freedoms in the Charter?', 'A', 'freedom of conscience and religion and freedom of association'),
  (438, 11, 438, 'Q463', 'Which two key documents contain rights and freedoms in Canada?', 'C', 'Canadian Charter of Rights and Freedoms and Magna Carta'),
  (439, 11, 439, 'Q464', 'Which are two responsibilities of the federal government?', 'B', 'national defence and foreign policy'),
  (440, 11, 440, 'Q465', 'Which are two responsibilities of provincial and territorial governments?', 'B', 'health and education'),
  (441, 11, 441, 'Q466', 'Which are examples of taking responsibility for yourself and your family?', 'B', 'getting a job, caring for your family and working hard'),
  (442, 11, 442, 'Q467', 'Which are the Prairie provinces and their capitals?', 'B', 'Alberta-Edmonton, Saskatchewan-Regina, Manitoba-Winnipeg'),
  (443, 11, 443, 'Q468', 'Which are the northern territories of Canada and their capitals?', 'D', 'Yukon-Whitehorse, Northwest Territories-Yellowknife, Nunavut-Iqaluit'),
  (444, 11, 444, 'Q469', 'What are the three levels of government in Canada?', 'A', 'federal, provincial or territorial, and municipal or local'),
  (445, 11, 445, 'Q470', 'What are the two official languages of Canada?', 'C', 'English and French'),
  (446, 11, 446, 'Q471', 'The Canadian Pacific Railway symbolized what?', 'C', 'unity'),
  (447, 11, 447, 'Q472', 'What did the Fathers of Confederation do?', 'A', 'worked together to establish the Dominion of Canada'),
  (448, 11, 448, 'Q473', 'What does the Canadian flag look like?', 'C', 'white with a red border on each end and a red maple leaf in the centre'),
  (449, 11, 449, 'Q474', 'Canada''s system of government is called what?', 'B', 'parliamentary government'),
  (450, 11, 450, 'Q475', 'What was the head tax?', 'A', 'a race-based entry fee for Chinese immigrants entering Canada'),
  (451, 11, 451, 'Q476', 'What is the largest religious affiliation in Canada?', 'A', 'Catholic'),
  (452, 11, 452, 'Q477', 'Who is the Governor General named in the transcript?', 'B', 'Mary Simon'),
  (453, 11, 453, 'Q478', 'Who is the Prime Minister and what party do they lead, according to the transcript?', 'A', 'Justin Trudeau, Liberal Party'),
  (454, 11, 454, 'Q479', 'What is the role of opposition parties?', 'C', 'oppose or try to improve government proposals'),
  (455, 11, 455, 'Q480', 'What percentage of Aboriginal people are First Nations?', 'D', '65%'),
  (456, 11, 456, 'Q481', 'If you do not receive a voter information card, what should you do?', 'D', 'contact Elections Canada or visit its website'),
  (457, 11, 457, 'Q482', 'What is the voting procedure on election day?', 'D', 'go with voter card and ID, mark X, fold ballot, present it to officials, then deposit it'),
  (458, 11, 458, 'Q483', 'Where do most French-speaking Canadians live?', 'C', 'Quebec'),
  (459, 11, 459, 'Q484', 'Which act granted the first legislative assemblies elected by the people?', 'B', 'Constitutional Act 1791'),
  (460, 11, 460, 'Q485', 'Which country borders Canada to the south?', 'A', 'United States'),
  (461, 11, 461, 'Q486', 'Which federal political party is in power according to the transcript?', 'C', 'Liberal'),
  (462, 11, 462, 'Q487', 'Which statement about residential schools is NOT true?', 'C', 'the schools were welcomed by Aboriginal people'),
  (463, 11, 463, 'Q488', 'Which party is the official opposition at the federal level according to the transcript?', 'D', 'Conservative'),
  (464, 11, 464, 'Q489', 'Which region covers more than one-third of Canada?', 'D', 'Northern Territories'),
  (465, 11, 465, 'Q490', 'What is the industrial and manufacturing heartland of Canada?', 'C', 'Central Canada'),
  (466, 11, 466, 'Q491', 'Which region is known for fertile agricultural land and energy resources?', 'B', 'Prairie Provinces'),
  (467, 11, 467, 'Q492', 'Which was the last province to join Canada?', 'A', 'Newfoundland and Labrador'),
  (468, 11, 468, 'Q493', 'Who are the Quebecers?', 'D', 'people of Quebec'),
  (469, 11, 469, 'Q494', 'Who played an important part in building the Canadian Pacific Railway?', 'C', 'Chinese railroad workers'),
  (470, 11, 470, 'Q495', 'Who has major responsibilities on First Nations reserves?', 'A', 'band chiefs and councillors'),
  (471, 11, 471, 'Q496', 'Who was General Sir Arthur Currie?', 'D', 'Canada''s greatest soldier in the First World War'),
  (472, 11, 472, 'Q497', 'Who is identified as the leader of the federal Official Opposition Party in the transcript?', 'D', 'Pierre Poilievre'),
  (473, 11, 473, 'Q498', 'Who led an armed uprising and seized Fort Garry?', 'B', 'Louis Riel'),
  (474, 11, 474, 'Q499', 'Who led Quebec into Confederation?', 'B', 'Sir George-Etienne Cartier'),
  (475, 11, 475, 'Q500', 'Who was Sir Sam Steele?', 'A', 'a great frontier hero, mounted policeman and soldier of the Queen'),
  (476, 11, 476, 'Q501', 'Who were the Voyageurs?', 'A', 'Montreal-based traders travelling by canoe'),
  (477, 11, 477, 'Q502', 'Why is trade important to Canada?', 'C', 'it strengthens the economy and raises the standard of living');

insert into public.options (id, question_id, label, option_text)
values
  (1, 1, 'A', 'individuals'),
  (2, 1, 'B', 'governments'),
  (3, 1, 'C', 'both A and B'),
  (4, 1, 'D', 'none'),
  (5, 2, 'A', 'Magna Carta'),
  (6, 2, 'B', 'Flis'),
  (7, 2, 'C', 'Charter of Independence'),
  (8, 2, 'D', 'There was no signing'),
  (9, 3, 'A', 'French Civil Code'),
  (10, 3, 'B', 'Law passed by Parliament'),
  (11, 3, 'C', 'US federal law'),
  (12, 3, 'D', 'English common law'),
  (13, 4, 'A', '1982'),
  (14, 4, 'B', '1997'),
  (15, 4, 'C', '1947'),
  (16, 4, 'D', '1980'),
  (17, 5, 'A', 'religious tradition'),
  (18, 5, 'B', 'dignity and worth of the human person'),
  (19, 5, 'C', 'both A and B'),
  (20, 5, 'D', 'none'),
  (21, 6, 'A', '1000 years'),
  (22, 6, 'B', '800 years'),
  (23, 6, 'C', '700 years'),
  (24, 6, 'D', '900 years'),
  (25, 7, 'A', 'German'),
  (26, 7, 'B', 'English'),
  (27, 7, 'C', 'French'),
  (28, 7, 'D', 'Italian'),
  (29, 8, 'A', 'Prime Minister'),
  (30, 8, 'B', 'Governor General'),
  (31, 8, 'C', 'Sovereign'),
  (32, 8, 'D', 'Premier'),
  (33, 9, 'A', '12-75'),
  (34, 9, 'B', '14-85'),
  (35, 9, 'C', '18-54'),
  (36, 9, 'D', '16-62'),
  (37, 10, 'A', 'The people'),
  (38, 10, 'B', 'Sovereign'),
  (39, 10, 'C', 'Governor General'),
  (40, 10, 'D', 'Armed forces'),
  (41, 11, 'A', 'Canadian Charter of Rights and Freedoms'),
  (42, 11, 'B', 'Crime and Punishment'),
  (43, 11, 'C', 'Citizens Responsibility'),
  (44, 11, 'D', 'National Allegiance'),
  (45, 12, 'A', 'It should not exist'),
  (46, 12, 'B', 'It is prohibited'),
  (47, 12, 'C', 'It should be celebrated'),
  (48, 12, 'D', 'It should be ignored'),
  (49, 13, 'A', 'Their rights cannot be overruled by it'),
  (50, 13, 'B', 'They are subordinate to it'),
  (51, 13, 'C', 'They are not mentioned'),
  (52, 13, 'D', 'They do not have equal status'),
  (53, 14, 'A', 'the future'),
  (54, 14, 'B', 'History'),
  (55, 14, 'C', 'recent wars'),
  (56, 14, 'D', 'each government decides'),
  (57, 15, 'A', 'Islam'),
  (58, 15, 'B', 'Christianity'),
  (59, 15, 'C', 'Judaism'),
  (60, 15, 'D', 'they are all equal'),
  (61, 16, 'A', 'Canadians can live and work anywhere in Canada'),
  (62, 16, 'B', 'Canadians can enter and leave the country freely'),
  (63, 16, 'C', 'Canadians cannot live and work freely'),
  (64, 16, 'D', 'both A and B'),
  (65, 17, 'A', 'federal'),
  (66, 17, 'B', 'provincial'),
  (67, 17, 'C', 'local'),
  (68, 17, 'D', 'all of these'),
  (69, 18, 'A', 'the Queen'),
  (70, 18, 'B', 'Prime Minister'),
  (71, 18, 'C', 'Nobody'),
  (72, 18, 'D', 'Governor General'),
  (73, 19, 'A', 'recycling, armed forces service, loyalty to the British Empire'),
  (74, 19, 'B', 'fluency in English, voting, joining a union'),
  (75, 19, 'C', 'buying Canadian, minding your own business, using less electricity'),
  (76, 19, 'D', 'obeying the law, taking responsibility for yourself and your family, serving on a jury'),
  (77, 20, 'A', 'Government'),
  (78, 20, 'B', 'Queen'),
  (79, 20, 'C', 'Every citizen'),
  (80, 20, 'D', 'none'),
  (81, 21, 'A', 'compulsory'),
  (82, 21, 'B', 'applauded'),
  (83, 21, 'C', 'not allowed'),
  (84, 21, 'D', 'dangerous'),
  (85, 22, 'A', 'getting everybody involved'),
  (86, 22, 'B', 'making friends and contacts'),
  (87, 22, 'C', 'developing the working and social environment'),
  (88, 22, 'D', 'all of these'),
  (89, 23, 'A', 'Making multiple properties'),
  (90, 23, 'B', 'Having more than two children'),
  (91, 23, 'C', 'Female genital mutilation'),
  (92, 23, 'D', 'Service in the armed forces'),
  (93, 24, 'A', 'when she turns 18'),
  (94, 24, 'B', 'when she becomes dependent'),
  (95, 24, 'C', 'under all circumstances'),
  (96, 24, 'D', 'under no circumstances'),
  (97, 25, 'A', 'applauded'),
  (98, 25, 'B', 'applied'),
  (99, 25, 'C', 'disregarded'),
  (100, 25, 'D', 'agreed'),
  (101, 26, 'A', 'they are not equal'),
  (102, 26, 'B', 'they are equal'),
  (103, 26, 'C', 'they are equal under some conditions'),
  (104, 26, 'D', 'they are not equal under some conditions'),
  (105, 27, 'A', 'personal problems'),
  (106, 27, 'B', 'crimes in all circumstances'),
  (107, 27, 'C', 'crimes under some circumstances'),
  (108, 27, 'D', 'the court does not deal with these issues'),
  (109, 28, 'A', 'serve part-time'),
  (110, 28, 'B', 'cannot apply'),
  (111, 28, 'C', 'be abandoned by the government'),
  (112, 28, 'D', 'lose their jobs'),
  (113, 29, 'A', 'RCMP'),
  (114, 29, 'B', 'Navy'),
  (115, 29, 'C', 'Canadian Rangers'),
  (116, 29, 'D', 'Police Department'),
  (117, 30, 'A', 'compulsory'),
  (118, 30, 'B', 'does not exist'),
  (119, 30, 'C', 'applauded'),
  (120, 30, 'D', 'looked down upon'),
  (121, 31, 'A', 'Canadian Rangers'),
  (122, 31, 'B', 'Canadian Forces'),
  (123, 31, 'C', 'Canadian Army'),
  (124, 31, 'D', 'none of these'),
  (125, 32, 'A', 'cadet'),
  (126, 32, 'B', 'police officer'),
  (127, 32, 'C', 'nurse'),
  (128, 32, 'D', 'driver'),
  (129, 33, 'A', 'Aboriginal'),
  (130, 33, 'B', 'French'),
  (131, 33, 'C', 'British'),
  (132, 33, 'D', 'all of these'),
  (133, 34, 'A', 'peace, order and good government'),
  (134, 34, 'B', 'armed forces power'),
  (135, 34, 'C', 'good agriculture'),
  (136, 34, 'D', 'wide population'),
  (137, 35, 'A', 'Canada'),
  (138, 35, 'B', 'Australia'),
  (139, 35, 'C', 'South Korea'),
  (140, 35, 'D', 'Germany'),
  (141, 36, 'A', 'dependent'),
  (142, 36, 'B', 'strong and free'),
  (143, 36, 'C', 'aggressive'),
  (144, 36, 'D', 'captive'),
  (145, 37, 'A', 'Canada'),
  (146, 37, 'B', 'USA'),
  (147, 37, 'C', 'Germany'),
  (148, 37, 'D', 'Russia'),
  (149, 38, 'A', 'population rule'),
  (150, 38, 'B', 'constitutional monarchy'),
  (151, 38, 'C', 'benign dictatorship'),
  (152, 38, 'D', 'republican democracy'),
  (153, 39, 'A', 'King George II'),
  (154, 39, 'B', 'St. Patrick'),
  (155, 39, 'C', 'King George III'),
  (156, 39, 'D', 'Acadians'),
  (157, 40, 'A', 'Prairie Provinces'),
  (158, 40, 'B', 'Northern Territories'),
  (159, 40, 'C', 'Ontario'),
  (160, 40, 'D', 'Quebec'),
  (161, 41, 'A', 'First Nations'),
  (162, 41, 'B', 'second nation'),
  (163, 41, 'C', 'Quebecers'),
  (164, 41, 'D', 'Ontarians'),
  (165, 42, 'A', 'the people'),
  (166, 42, 'B', 'the farmers'),
  (167, 42, 'C', 'the conquerors'),
  (168, 42, 'D', 'the invaders'),
  (169, 43, 'A', '1970'),
  (170, 43, 'B', '1980'),
  (171, 43, 'C', '1990'),
  (172, 43, 'D', '2000'),
  (173, 44, 'A', 'Africa'),
  (174, 44, 'B', 'Asia'),
  (175, 44, 'C', 'Korea'),
  (176, 44, 'D', 'India'),
  (177, 45, 'A', 'Arctic'),
  (178, 45, 'B', 'prairie'),
  (179, 45, 'C', 'north'),
  (180, 45, 'D', 'south'),
  (181, 46, 'A', 'John Buchan'),
  (182, 46, 'B', 'St. Patrick'),
  (183, 46, 'C', 'King George III'),
  (184, 46, 'D', 'none of these'),
  (185, 47, 'A', '1978'),
  (186, 47, 'B', '2008'),
  (187, 47, 'C', '1988'),
  (188, 47, 'D', '1958'),
  (189, 48, 'A', '2'),
  (190, 48, 'B', '3'),
  (191, 48, 'C', '4'),
  (192, 48, 'D', '5'),
  (193, 49, 'A', 'both French-speaking and English-speaking backgrounds'),
  (194, 49, 'B', 'East Asia'),
  (195, 49, 'C', 'Greenland'),
  (196, 49, 'D', 'Newfoundland'),
  (197, 50, 'A', 'freedom'),
  (198, 50, 'B', 'English and French languages'),
  (199, 50, 'C', 'diversity'),
  (200, 50, 'D', 'scientific inventions'),
  (201, 51, 'A', 'only their own traditions'),
  (202, 51, 'B', 'other traditions'),
  (203, 51, 'C', 'only their parents'),
  (204, 51, 'D', 'none'),
  (205, 52, 'A', '18 million'),
  (206, 52, 'B', '20 million'),
  (207, 52, 'C', '23 million'),
  (208, 52, 'D', '24 million'),
  (209, 53, 'A', '4%'),
  (210, 53, 'B', '8%'),
  (211, 53, 'C', '45%'),
  (212, 53, 'D', '50%'),
  (213, 54, 'A', 'English-speaking Canada'),
  (214, 54, 'B', 'French-speaking Canada'),
  (215, 54, 'C', 'German-speaking Canada'),
  (216, 54, 'D', 'Inuktitut-speaking Canada'),
  (217, 55, 'A', 'New Brunswick'),
  (218, 55, 'B', 'Quebec'),
  (219, 55, 'C', 'Yukon'),
  (220, 55, 'D', 'Ontario'),
  (221, 56, 'A', 'Britain'),
  (222, 56, 'B', 'Acadians'),
  (223, 56, 'C', 'Germans'),
  (224, 56, 'D', 'Vikings'),
  (225, 57, 'A', 'Quebec'),
  (226, 57, 'B', 'New Brunswick'),
  (227, 57, 'C', 'Prairie Provinces'),
  (228, 57, 'D', 'Montreal'),
  (229, 58, 'A', 'French'),
  (230, 58, 'B', 'English'),
  (231, 58, 'C', 'Metis'),
  (232, 58, 'D', 'Inuktitut'),
  (233, 59, 'A', 'Great Upheaval'),
  (234, 59, 'B', 'Fallback'),
  (235, 59, 'C', 'Great Deportation'),
  (236, 59, 'D', 'great movement'),
  (237, 60, 'A', 'Acadians'),
  (238, 60, 'B', 'Vikings'),
  (239, 60, 'C', 'Aboriginals'),
  (240, 60, 'D', 'Inuit'),
  (241, 61, 'A', '2000'),
  (242, 61, 'B', '2002'),
  (243, 61, 'C', '2004'),
  (244, 61, 'D', '2006'),
  (245, 62, 'A', '5 million'),
  (246, 62, 'B', '7 million'),
  (247, 62, 'C', '8 million'),
  (248, 62, 'D', '10 million'),
  (249, 63, 'A', 'French'),
  (250, 63, 'B', 'English'),
  (251, 63, 'C', 'Metis'),
  (252, 63, 'D', 'Inuktitut'),
  (253, 64, 'A', 'land of immigrants'),
  (254, 64, 'B', 'house of culture'),
  (255, 64, 'C', 'cloud of diversity'),
  (256, 64, 'D', 'none'),
  (257, 65, 'A', 'Canadian law'),
  (258, 65, 'B', 'international law'),
  (259, 65, 'C', 'their native land''s law'),
  (260, 65, 'D', 'no law'),
  (261, 66, 'A', 'Chinese'),
  (262, 66, 'B', 'Japanese'),
  (263, 66, 'C', 'Hindi'),
  (264, 66, 'D', 'German'),
  (265, 67, 'A', 'Yes'),
  (266, 67, 'B', 'No'),
  (267, 67, 'C', 'depends on religion'),
  (268, 67, 'D', 'depends on population'),
  (269, 68, 'A', 'Africa'),
  (270, 68, 'B', 'Asia'),
  (271, 68, 'C', 'Korea'),
  (272, 68, 'D', 'Antarctica'),
  (273, 69, 'A', 'not allowed'),
  (274, 69, 'B', 'allowed'),
  (275, 69, 'C', 'allowed in some circumstances'),
  (276, 69, 'D', 'none'),
  (277, 70, 'A', 'Atheists'),
  (278, 70, 'B', 'Muslims'),
  (279, 70, 'C', 'Hindus'),
  (280, 70, 'D', 'Christians'),
  (281, 71, 'A', 'not equal'),
  (282, 71, 'B', 'equal'),
  (283, 71, 'C', 'equal under some circumstances'),
  (284, 71, 'D', 'none'),
  (285, 72, 'A', 'Brigadier James Wolfe'),
  (286, 72, 'B', 'Marquis de Montcalm'),
  (287, 72, 'C', 'King Charles II'),
  (288, 72, 'D', 'Fort Garry'),
  (289, 73, 'A', 'European diseases toward which they lacked immunity'),
  (290, 73, 'B', 'harsh climate'),
  (291, 73, 'C', 'war between Vikings and French'),
  (292, 73, 'D', 'none'),
  (293, 74, 'A', 'Inuit'),
  (294, 74, 'B', 'Cree and Dene'),
  (295, 74, 'C', 'French'),
  (296, 74, 'D', 'Sioux'),
  (297, 75, 'A', 'Chinese'),
  (298, 75, 'B', 'Vikings'),
  (299, 75, 'C', 'Indians'),
  (300, 75, 'D', 'Greenlanders'),
  (301, 76, 'A', 'King Francis I of France'),
  (302, 76, 'B', 'John Cabot'),
  (303, 76, 'C', 'Count Frontenac'),
  (304, 76, 'D', 'Sir Guy Carleton'),
  (305, 77, 'A', 'Vikings'),
  (306, 77, 'B', 'Indians'),
  (307, 77, 'C', 'French'),
  (308, 77, 'D', 'Germans'),
  (309, 78, 'A', 'West Indies'),
  (310, 78, 'B', 'North Indies'),
  (311, 78, 'C', 'East Indies'),
  (312, 78, 'D', 'South Indies'),
  (313, 79, 'A', 'L''Anse aux Meadows'),
  (314, 79, 'B', 'Plains of Abraham'),
  (315, 79, 'C', 'Winnipeg'),
  (316, 79, 'D', 'none'),
  (317, 80, 'A', 'home'),
  (318, 80, 'B', 'land'),
  (319, 80, 'C', 'village'),
  (320, 80, 'D', 'Canada'),
  (321, 81, 'A', '1650'),
  (322, 81, 'B', '1550'),
  (323, 81, 'C', '1750'),
  (324, 81, 'D', '1850'),
  (325, 82, 'A', 'Gulf of Mexico'),
  (326, 82, 'B', 'USA'),
  (327, 82, 'C', 'Korea'),
  (328, 82, 'D', 'Boston'),
  (329, 83, 'A', 'Vancouver'),
  (330, 83, 'B', 'Whitehorse'),
  (331, 83, 'C', 'Quebec City'),
  (332, 83, 'D', 'Montreal'),
  (333, 84, 'A', '1700'),
  (334, 84, 'B', '1701'),
  (335, 84, 'C', '1600'),
  (336, 84, 'D', '1601'),
  (337, 85, 'A', 'oil'),
  (338, 85, 'B', 'fur'),
  (339, 85, 'C', 'wheat'),
  (340, 85, 'D', 'coal'),
  (341, 86, 'A', '1607'),
  (342, 86, 'B', '1604'),
  (343, 86, 'C', '1650'),
  (344, 86, 'D', '1670'),
  (345, 87, 'A', 'Pierre de Mons'),
  (346, 87, 'B', 'Jacques Cartier'),
  (347, 87, 'C', 'Samuel de Champlain'),
  (348, 87, 'D', 'both A and C'),
  (349, 88, 'A', 'Montreal-based traders'),
  (350, 88, 'B', 'Vancouver-based traders'),
  (351, 88, 'C', 'New Brunswick-based traders'),
  (352, 88, 'D', 'Quebec-based traders'),
  (353, 89, 'A', 'King Charles I'),
  (354, 89, 'B', 'King Charles II'),
  (355, 89, 'C', 'Queen Elizabeth II'),
  (356, 89, 'D', 'Queen Victoria'),
  (357, 90, 'A', 'Battle of the Plains of Abraham'),
  (358, 90, 'B', 'James Bay'),
  (359, 90, 'C', 'Boer War'),
  (360, 90, 'D', 'First World War'),
  (361, 91, 'A', 'Canadians'),
  (362, 91, 'B', 'habitants'),
  (363, 91, 'C', 'both A and B'),
  (364, 91, 'D', 'none'),
  (365, 92, 'A', 'Ontario'),
  (366, 92, 'B', 'Prairie Province'),
  (367, 92, 'C', 'Province of Quebec'),
  (368, 92, 'D', 'New Brunswick'),
  (369, 93, 'A', 'French civil law'),
  (370, 93, 'B', 'British criminal law'),
  (371, 93, 'C', 'both A and B'),
  (372, 93, 'D', 'equality law'),
  (373, 94, 'A', 'religious freedom'),
  (374, 94, 'B', 'rule the British Empire'),
  (375, 94, 'C', 'hold public office'),
  (376, 94, 'D', 'both A and C'),
  (377, 95, 'A', 'English Catholic majority'),
  (378, 95, 'B', 'French Roman Catholic majority'),
  (379, 95, 'C', 'immigrants'),
  (380, 95, 'D', 'non-official language speakers'),
  (381, 96, 'A', 'traitors'),
  (382, 96, 'B', 'Loyalists'),
  (383, 96, 'C', 'independents'),
  (384, 96, 'D', 'enemies'),
  (385, 97, 'A', 'Sierra Leone'),
  (386, 97, 'B', 'Montreal'),
  (387, 97, 'C', 'Vancouver'),
  (388, 97, 'D', 'Boston'),
  (389, 98, 'A', 'United States'),
  (390, 98, 'B', 'South America'),
  (391, 98, 'C', 'England'),
  (392, 98, 'D', 'Independent Territory'),
  (393, 99, 'A', 'Germans'),
  (394, 99, 'B', 'Indians'),
  (395, 99, 'C', 'Koreans'),
  (396, 99, 'D', 'Australians'),
  (397, 100, 'A', '1719'),
  (398, 100, 'B', '1790'),
  (399, 100, 'C', '1791'),
  (400, 100, 'D', '1780'),
  (401, 101, 'A', 'Vancouver'),
  (402, 101, 'B', 'Whitehorse'),
  (403, 101, 'C', 'Quebec City'),
  (404, 101, 'D', 'Montreal'),
  (405, 102, 'A', '1791'),
  (406, 102, 'B', '1781'),
  (407, 102, 'C', '1771'),
  (408, 102, 'D', '1761'),
  (409, 103, 'A', 'British Canada'),
  (410, 103, 'B', 'British North America'),
  (411, 103, 'C', 'Greater Canada'),
  (412, 103, 'D', 'Northern States'),
  (413, 104, 'A', 'PEI'),
  (414, 104, 'B', 'New Brunswick'),
  (415, 104, 'C', 'Nova Scotia'),
  (416, 104, 'D', 'Newfoundland'),
  (417, 105, 'A', '1791'),
  (418, 105, 'B', '1781'),
  (419, 105, 'C', '1771'),
  (420, 105, 'D', '1761'),
  (421, 106, 'A', 'Governor John Graves Simcoe'),
  (422, 106, 'B', 'Mary Ann Shadd Cary'),
  (423, 106, 'C', 'Laura Secord'),
  (424, 106, 'D', 'HMS Shannon'),
  (425, 107, 'A', 'Lower Canada'),
  (426, 107, 'B', 'Upper Canada (Ontario)'),
  (427, 107, 'C', 'Newfoundland'),
  (428, 107, 'D', 'United States'),
  (429, 108, 'A', '1700'),
  (430, 108, 'B', '1793'),
  (431, 108, 'C', '1807'),
  (432, 108, 'D', '1833'),
  (433, 109, 'A', 'pipeline'),
  (434, 109, 'B', 'Underground Railroad'),
  (435, 109, 'C', 'sewage'),
  (436, 109, 'D', 'tunnels'),
  (437, 110, 'A', 'late 17th and early 18th centuries'),
  (438, 110, 'B', 'late 16th and early 17th centuries'),
  (439, 110, 'C', 'late 18th and early 19th centuries'),
  (440, 110, 'D', 'late 19th and early 20th centuries'),
  (441, 111, 'A', 'oil'),
  (442, 111, 'B', 'weapons'),
  (443, 111, 'C', 'natural resources such as fur, timber and fish'),
  (444, 111, 'D', 'slavery'),
  (445, 112, 'A', '1832'),
  (446, 112, 'B', '1812'),
  (447, 112, 'C', '1870'),
  (448, 112, 'D', '1807'),
  (449, 113, 'A', 'Abel Seaman William Hall'),
  (450, 113, 'B', 'Corporal Philip Konowal'),
  (451, 113, 'C', 'Lt. Alexander Robert Dunn'),
  (452, 113, 'D', 'Captain Paul Triquet'),
  (453, 114, 'A', 'Wednesday preceding June 25'),
  (454, 114, 'B', 'Tuesday preceding May 25'),
  (455, 114, 'C', 'Monday preceding May 25'),
  (456, 114, 'D', 'Thursday preceding July 25'),
  (457, 115, 'A', 'French and German'),
  (458, 115, 'B', 'French and British'),
  (459, 115, 'C', 'German and British'),
  (460, 115, 'D', 'none'),
  (461, 116, 'A', 'landing stages'),
  (462, 116, 'B', 'army bases'),
  (463, 116, 'C', 'trading posts'),
  (464, 116, 'D', 'religious settlements'),
  (465, 117, 'A', '1834'),
  (466, 117, 'B', '1832'),
  (467, 117, 'C', '1877'),
  (468, 117, 'D', '1807'),
  (469, 118, 'A', 'fur'),
  (470, 118, 'B', 'oil'),
  (471, 118, 'C', 'fish'),
  (472, 118, 'D', 'weapons'),
  (473, 119, 'A', '4000'),
  (474, 119, 'B', '5000'),
  (475, 119, 'C', '6000'),
  (476, 119, 'D', '7000'),
  (477, 120, 'A', 'to conquer the USA'),
  (478, 120, 'B', 'to ensure Canada remained independent of the USA'),
  (479, 120, 'C', 'political issues'),
  (480, 120, 'D', 'natural resources'),
  (481, 121, 'A', 'New Brunswick'),
  (482, 121, 'B', 'Ontario'),
  (483, 121, 'C', 'Quebec'),
  (484, 121, 'D', 'York'),
  (485, 122, 'A', 'British'),
  (486, 122, 'B', 'German'),
  (487, 122, 'C', 'Japan'),
  (488, 122, 'D', 'India'),
  (489, 123, 'A', 'English-speaking'),
  (490, 123, 'B', 'French-speaking'),
  (491, 123, 'C', 'German-speaking'),
  (492, 123, 'D', 'British'),
  (493, 124, 'A', 'responsible government'),
  (494, 124, 'B', 'separate government'),
  (495, 124, 'C', 'natural resources'),
  (496, 124, 'D', 'rebellion force'),
  (497, 125, 'A', '1807-08'),
  (498, 125, 'B', '1817-18'),
  (499, 125, 'C', '1837-38'),
  (500, 125, 'D', '1877-78'),
  (501, 126, 'A', 'Sir Louis-Hippolyte LaFontaine'),
  (502, 126, 'B', 'Sir Etienne Cartier'),
  (503, 126, 'C', 'Sir Pascal Tache'),
  (504, 126, 'D', 'Lt. James FitzGibbon'),
  (505, 127, 'A', 'Province of Canada'),
  (506, 127, 'B', 'Province of Germany'),
  (507, 127, 'C', 'Province of the United States'),
  (508, 127, 'D', 'Province of Korea'),
  (509, 128, 'A', 'Newfoundland'),
  (510, 128, 'B', 'Nova Scotia'),
  (511, 128, 'C', 'Greenland'),
  (512, 128, 'D', 'Vancouver'),
  (513, 129, 'A', 'Dominion of Canada'),
  (514, 129, 'B', 'Florida'),
  (515, 129, 'C', 'Germany'),
  (516, 129, 'D', 'none'),
  (517, 130, 'A', 'Canada Day'),
  (518, 130, 'B', 'Freedom Day'),
  (519, 130, 'C', 'Independence Day'),
  (520, 130, 'D', 'Constitutional Day'),
  (521, 131, 'A', '1995'),
  (522, 131, 'B', '1996'),
  (523, 131, 'C', '1998'),
  (524, 131, 'D', '1999'),
  (525, 132, 'A', 'Fathers of Canada'),
  (526, 132, 'B', 'Fathers of Confederation'),
  (527, 132, 'C', 'Fathers of Dominion'),
  (528, 132, 'D', 'none'),
  (529, 133, 'A', 'Constitutional Act'),
  (530, 133, 'B', 'British North America Act'),
  (531, 133, 'C', 'both A and B'),
  (532, 133, 'D', 'none'),
  (533, 134, 'A', 'federal'),
  (534, 134, 'B', 'provincial'),
  (535, 134, 'C', 'both A and B'),
  (536, 134, 'D', 'none'),
  (537, 135, 'A', '1864'),
  (538, 135, 'B', '1791'),
  (539, 135, 'C', '1867'),
  (540, 135, 'D', '1862'),
  (541, 136, 'A', '84'),
  (542, 136, 'B', '96'),
  (543, 136, 'C', '72'),
  (544, 136, 'D', '60'),
  (545, 137, 'A', 'Sir Etienne Cartier'),
  (546, 137, 'B', 'Sir John Alexander Macdonald'),
  (547, 137, 'C', 'Sir Sam Steele'),
  (548, 137, 'D', 'Fort Garry'),
  (549, 138, 'A', 'Dominion Day'),
  (550, 138, 'B', 'Independence Day'),
  (551, 138, 'C', 'Sir John Alexander Macdonald Day'),
  (552, 138, 'D', 'Canada Day'),
  (553, 139, 'A', 'February 11, 1850'),
  (554, 139, 'B', 'January 21, 1815'),
  (555, 139, 'C', 'January 11, 1815'),
  (556, 139, 'D', 'December 21, 1850'),
  (557, 140, 'A', 'Sir John A. Macdonald'),
  (558, 140, 'B', 'Sir Etienne Cartier'),
  (559, 140, 'C', 'Sir Sam Steele'),
  (560, 140, 'D', 'Beaver'),
  (561, 141, 'A', 'Sir George-Etienne Cartier'),
  (562, 141, 'B', 'Macdonald'),
  (563, 141, 'C', 'Sir Sam Steele'),
  (564, 141, 'D', 'Fort Garry'),
  (565, 142, 'A', '1879'),
  (566, 142, 'B', '1869'),
  (567, 142, 'C', '1859'),
  (568, 142, 'D', '1849'),
  (569, 143, 'A', '1873'),
  (570, 143, 'B', '1893'),
  (571, 143, 'C', '1883'),
  (572, 143, 'D', '1882'),
  (573, 144, 'A', 'defender of Metis rights'),
  (574, 144, 'B', 'father of Manitoba'),
  (575, 144, 'C', 'father of Confederation'),
  (576, 144, 'D', 'both A and B'),
  (577, 145, 'A', 'municipal force'),
  (578, 145, 'B', 'national police force'),
  (579, 145, 'C', 'international police force'),
  (580, 145, 'D', 'armed force'),
  (581, 146, 'A', 'Sioux'),
  (582, 146, 'B', 'Iroquois'),
  (583, 146, 'C', 'Metis'),
  (584, 146, 'D', 'Indians'),
  (585, 147, 'A', 'Germany'),
  (586, 147, 'B', 'British Columbia'),
  (587, 147, 'C', 'Greenland'),
  (588, 147, 'D', 'none'),
  (589, 148, 'A', 'Britain'),
  (590, 148, 'B', 'Germany'),
  (591, 148, 'C', 'America'),
  (592, 148, 'D', 'both A and C'),
  (593, 149, 'A', '2008'),
  (594, 149, 'B', '2006'),
  (595, 149, 'C', '2004'),
  (596, 149, 'D', '2002'),
  (597, 150, 'A', '1 million'),
  (598, 150, 'B', '2 million'),
  (599, 150, 'C', '3 million'),
  (600, 150, 'D', '4 million'),
  (601, 151, 'A', 'Macdonald'),
  (602, 151, 'B', 'Fort Gary Horse'),
  (603, 151, 'C', 'Sir Wilfrid Laurier'),
  (604, 151, 'D', 'Agnes McPhail'),
  (605, 152, 'A', 'Ukraine'),
  (606, 152, 'B', 'India'),
  (607, 152, 'C', 'Antarctica'),
  (608, 152, 'D', 'France'),
  (609, 153, 'A', 'December 1917'),
  (610, 153, 'B', 'April 1917'),
  (611, 153, 'C', 'January 1920'),
  (612, 153, 'D', 'April 1920'),
  (613, 154, 'A', 'First World War'),
  (614, 154, 'B', 'Vimy War'),
  (615, 154, 'C', 'Boer War'),
  (616, 154, 'D', 'Battle of the Plains of Abraham'),
  (617, 155, 'A', '30000'),
  (618, 155, 'B', '40000'),
  (619, 155, 'C', '50000'),
  (620, 155, 'D', '60000'),
  (621, 156, 'A', 'Ukrainian men'),
  (622, 156, 'B', 'German men'),
  (623, 156, 'C', 'American men'),
  (624, 156, 'D', 'French men'),
  (625, 157, 'A', '400000'),
  (626, 157, 'B', '500000'),
  (627, 157, 'C', '600000'),
  (628, 157, 'D', '700000'),
  (629, 158, 'A', 'Sir Robert Borden'),
  (630, 158, 'B', 'Agnes McPhail'),
  (631, 158, 'C', 'Dr. Emily Stowe'),
  (632, 158, 'D', 'Therese Casgrain'),
  (633, 159, 'A', '1971'),
  (634, 159, 'B', '1918'),
  (635, 159, 'C', '1920'),
  (636, 159, 'D', '1947'),
  (637, 160, 'A', 'Agnes McPhail'),
  (638, 160, 'B', 'Dr. Emily Stowe'),
  (639, 160, 'C', 'Queen Elizabeth II'),
  (640, 160, 'D', 'none'),
  (641, 161, 'A', 'Red Birds'),
  (642, 161, 'B', 'Bluebirds'),
  (643, 161, 'C', 'Purple Birds'),
  (644, 161, 'D', 'Dirds'),
  (645, 162, 'A', 'women''s suffrage movement'),
  (646, 162, 'B', 'Women Voting Action'),
  (647, 162, 'C', 'Women Right to Vote'),
  (648, 162, 'D', 'Women Power'),
  (649, 163, 'A', '1950'),
  (650, 163, 'B', '1940'),
  (651, 163, 'C', '1840'),
  (652, 163, 'D', '1850'),
  (653, 164, 'A', 'Manitoba'),
  (654, 164, 'B', 'New Brunswick'),
  (655, 164, 'C', 'British Columbia'),
  (656, 164, 'D', 'Quebec'),
  (657, 165, 'A', '1940s'),
  (658, 165, 'B', '1930s'),
  (659, 165, 'C', '1920s'),
  (660, 165, 'D', '1910s'),
  (661, 166, 'A', 'Commonwealth of Nations'),
  (662, 166, 'B', 'Colonial Society'),
  (663, 166, 'C', 'British Protectorate'),
  (664, 166, 'D', 'United Nations'),
  (665, 167, 'A', 'Fort Gary'),
  (666, 167, 'B', 'Macdonald'),
  (667, 167, 'C', 'Colonel John McCrae'),
  (668, 167, 'D', 'Phil Edwards'),
  (669, 168, 'A', 'unemployment'),
  (670, 168, 'B', 'bad crops'),
  (671, 168, 'C', 'businesses wiped out'),
  (672, 168, 'D', 'all of these'),
  (673, 169, 'A', 'remembering the Queen'),
  (674, 169, 'B', 'celebrating Confederation'),
  (675, 169, 'C', 'remembering political leaders'),
  (676, 169, 'D', 'remembering the sacrifices of Canadians who served or died in wars'),
  (677, 170, 'A', 'October 12'),
  (678, 170, 'B', 'December 13'),
  (679, 170, 'C', 'November 11'),
  (680, 170, 'D', 'August 14'),
  (681, 171, 'A', '1935'),
  (682, 171, 'B', '1936'),
  (683, 171, 'C', '1933'),
  (684, 171, 'D', '1934'),
  (685, 172, 'A', 'Germany'),
  (686, 172, 'B', 'India'),
  (687, 172, 'C', 'Italy'),
  (688, 172, 'D', 'South Korea'),
  (689, 173, 'A', 'an Allied invasion of Normandy on June 6, 1944'),
  (690, 173, 'B', 'the end of the Second World War'),
  (691, 173, 'C', 'an invasion in July 1955'),
  (692, 173, 'D', 'the birth of Macdonald'),
  (693, 174, 'A', '10%'),
  (694, 174, 'B', '20%'),
  (695, 174, 'C', '30%'),
  (696, 174, 'D', '40%'),
  (697, 175, 'A', 'Boston'),
  (698, 175, 'B', 'Juno Beach'),
  (699, 175, 'C', 'Newfoundland'),
  (700, 175, 'D', 'Hudson''s Bay'),
  (701, 176, 'A', '1 million'),
  (702, 176, 'B', '2 million'),
  (703, 176, 'C', '3 million'),
  (704, 176, 'D', '4 million'),
  (705, 177, 'A', 'Moscow'),
  (706, 177, 'B', 'Boston'),
  (707, 177, 'C', 'Hong Kong'),
  (708, 177, 'D', 'Vancouver'),
  (709, 178, 'A', '54000'),
  (710, 178, 'B', '34000'),
  (711, 178, 'C', '44000'),
  (712, 178, 'D', '64000'),
  (713, 179, 'A', 'wiped out'),
  (714, 179, 'B', 'third largest navy in the world'),
  (715, 179, 'C', 'no ships left'),
  (716, 179, 'D', 'none'),
  (717, 180, 'A', 'Battle of the Pacific'),
  (718, 180, 'B', 'Battle of the Atlantic'),
  (719, 180, 'C', 'Battle of the South'),
  (720, 180, 'D', 'Battle of the North'),
  (721, 181, 'A', '1940'),
  (722, 181, 'B', '1941'),
  (723, 181, 'C', '1939'),
  (724, 181, 'D', '1938'),
  (725, 182, 'A', '1915'),
  (726, 182, 'B', '1935'),
  (727, 182, 'C', '1965'),
  (728, 182, 'D', '1995'),
  (729, 183, 'A', '1931'),
  (730, 183, 'B', '1941'),
  (731, 183, 'C', '1951'),
  (732, 183, 'D', '1961'),
  (733, 184, 'A', 'Canada Health Act'),
  (734, 184, 'B', 'Constitutional Act 1970'),
  (735, 184, 'C', 'Canada Medicine Act'),
  (736, 184, 'D', 'Canada Pent Act'),
  (737, 185, 'A', 'discovery of oil in Alberta in 1947'),
  (738, 185, 'B', 'end of the Second World War'),
  (739, 185, 'C', 'freedom'),
  (740, 185, 'D', 'US aid'),
  (741, 186, 'A', 'public education'),
  (742, 186, 'B', 'weapons'),
  (743, 186, 'C', 'armed forces'),
  (744, 186, 'D', 'trading'),
  (745, 187, 'A', '1940'),
  (746, 187, 'B', '1960'),
  (747, 187, 'C', '1980'),
  (748, 187, 'D', '1990'),
  (749, 188, 'A', '300'),
  (750, 188, 'B', '400'),
  (751, 188, 'C', '500'),
  (752, 188, 'D', '600'),
  (753, 189, 'A', 'peacekeeping'),
  (754, 189, 'B', 'violence'),
  (755, 189, 'C', 'trading'),
  (756, 189, 'D', 'invasion'),
  (757, 190, 'A', 'NATO'),
  (758, 190, 'B', 'North Pacific Treaty Organization'),
  (759, 190, 'C', 'South Atlantic Treaty Organization'),
  (760, 190, 'D', 'South Pacific Treaty Organization'),
  (761, 191, 'A', '1950-1953'),
  (762, 191, 'B', '1940-1943'),
  (763, 191, 'C', '1960-1963'),
  (764, 191, 'D', '1930-1933'),
  (765, 192, 'A', '1980'),
  (766, 192, 'B', '1985'),
  (767, 192, 'C', '1990'),
  (768, 192, 'D', '1995'),
  (769, 193, 'A', 'give rights to non-official languages'),
  (770, 193, 'B', 'guarantee federal government services in French and English'),
  (771, 193, 'C', 'ban non-official languages'),
  (772, 193, 'D', 'make Japanese and Hindi equal to French and English'),
  (773, 194, 'A', 'slow revolution'),
  (774, 194, 'B', 'Quiet Revolution'),
  (775, 194, 'C', 'tremendous revolution'),
  (776, 194, 'D', 'rapid revolution'),
  (777, 195, 'A', '1920'),
  (778, 195, 'B', '1940'),
  (779, 195, 'C', '1970'),
  (780, 195, 'D', '1990'),
  (781, 196, 'A', '1950'),
  (782, 196, 'B', '1945'),
  (783, 196, 'C', '1948'),
  (784, 196, 'D', '1940'),
  (785, 197, 'A', 'Hungary'),
  (786, 197, 'B', 'Ukraine'),
  (787, 197, 'C', 'Germany'),
  (788, 197, 'D', 'Greenland'),
  (789, 198, 'A', '1970'),
  (790, 198, 'B', '1960'),
  (791, 198, 'C', '1950'),
  (792, 198, 'D', '1940'),
  (793, 199, 'A', 'one quarter'),
  (794, 199, 'B', 'one third'),
  (795, 199, 'C', 'one half'),
  (796, 199, 'D', 'three quarters'),
  (797, 200, 'A', 'Ethiopia'),
  (798, 200, 'B', 'Greenland'),
  (799, 200, 'C', 'Africa'),
  (800, 200, 'D', 'Vietnam'),
  (801, 201, 'A', 'entering professional workforces'),
  (802, 201, 'B', 'gaining the right to vote'),
  (803, 201, 'C', 'getting education'),
  (804, 201, 'D', 'joining the armed forces'),
  (805, 202, 'A', 'Sir Ernest MacMillan'),
  (806, 202, 'B', 'Healey Willan'),
  (807, 202, 'C', 'both A and B'),
  (808, 202, 'D', 'Michael'),
  (809, 203, 'A', 'Pauline Johnson'),
  (810, 203, 'B', 'Terry Fox'),
  (811, 203, 'C', 'Wayne Gretzky'),
  (812, 203, 'D', 'none'),
  (813, 204, 'A', 'Montreal Canadiens'),
  (814, 204, 'B', 'Edmonton Oilers'),
  (815, 204, 'C', 'Ottawa Senators'),
  (816, 204, 'D', 'Toronto Maple Leafs'),
  (817, 205, 'A', 'Gray Cup'),
  (818, 205, 'B', 'White Cup'),
  (819, 205, 'C', 'Black Cup'),
  (820, 205, 'D', 'Red Cup'),
  (821, 206, 'A', 'Les Automatistes'),
  (822, 206, 'B', 'Les Realistes'),
  (823, 206, 'C', 'Les Abstractionists'),
  (824, 206, 'D', 'Les Cubists'),
  (825, 207, 'A', 'Chantal Petitclerc'),
  (826, 207, 'B', 'Donovan Bailey'),
  (827, 207, 'C', 'Mark Tewksbury'),
  (828, 207, 'D', 'Paul Henderson'),
  (829, 208, 'A', 'Donovan Bailey'),
  (830, 208, 'B', 'Terry Fox'),
  (831, 208, 'C', 'Wayne Gretzky'),
  (832, 208, 'D', 'Chantal Petitclerc'),
  (833, 209, 'A', 'Donovan Bailey'),
  (834, 209, 'B', 'Terry Fox'),
  (835, 209, 'C', 'Wayne Gretzky'),
  (836, 209, 'D', 'Chantal Petitclerc'),
  (837, 210, 'A', 'James Naismith'),
  (838, 210, 'B', 'Mark Tewksbury'),
  (839, 210, 'C', 'Paul Henderson'),
  (840, 210, 'D', 'Donovan Bailey'),
  (841, 211, 'A', 'musicians'),
  (842, 211, 'B', 'writers'),
  (843, 211, 'C', 'scientists'),
  (844, 211, 'D', 'politicians'),
  (845, 212, 'A', 'Group of 11'),
  (846, 212, 'B', 'Group of Seven'),
  (847, 212, 'C', 'Group of Eight'),
  (848, 212, 'D', 'Group of Nine'),
  (849, 213, 'A', 'Alexander Graham Bell'),
  (850, 213, 'B', 'Matthew Evans'),
  (851, 213, 'C', 'Mike Lazaridis'),
  (852, 213, 'D', 'SPAR Aerospace'),
  (853, 214, 'A', 'Alexander Graham Bell'),
  (854, 214, 'B', 'Matthew Evans'),
  (855, 214, 'C', 'Mike Lazaridis'),
  (856, 214, 'D', 'Sir Sanford Fleming'),
  (857, 215, 'A', 'Sir Frederick Banting'),
  (858, 215, 'B', 'Dr. John A. Hopps'),
  (859, 215, 'C', 'Alexander Graham Bell'),
  (860, 215, 'D', 'Sir Sanford Fleming'),
  (861, 216, 'A', 'smartphones'),
  (862, 216, 'B', 'Huawei phones'),
  (863, 216, 'C', 'iPhone'),
  (864, 216, 'D', 'BlackBerry'),
  (865, 217, 'A', 'Dr. Wilfred Penfield'),
  (866, 217, 'B', 'Dr. John A. Hopps'),
  (867, 217, 'C', 'Alexander Graham Bell'),
  (868, 217, 'D', 'Sir Sanford Fleming'),
  (869, 218, 'A', 'insulin'),
  (870, 218, 'B', 'Canadarm'),
  (871, 218, 'C', 'electric light bulb'),
  (872, 218, 'D', 'BlackBerry'),
  (873, 219, 'A', 'agriculture'),
  (874, 219, 'B', 'national and international concerns'),
  (875, 219, 'C', 'civil rights'),
  (876, 219, 'D', 'immigration'),
  (877, 220, 'A', 'provincial government'),
  (878, 220, 'B', 'federal government'),
  (879, 220, 'C', 'legislative assemblies'),
  (880, 220, 'D', 'Sovereign'),
  (881, 221, 'A', '16'),
  (882, 221, 'B', '17'),
  (883, 221, 'C', '18'),
  (884, 221, 'D', '19'),
  (885, 222, 'A', 'arbitrary law'),
  (886, 222, 'B', 'federal government'),
  (887, 222, 'C', 'legislative assemblies'),
  (888, 222, 'D', 'Sovereign'),
  (889, 223, 'A', 'British North America Act'),
  (890, 223, 'B', 'Constitutional Act 1867'),
  (891, 223, 'C', 'both A and B'),
  (892, 223, 'D', 'Constitutional Act 1997'),
  (893, 224, 'A', 'Montreal'),
  (894, 224, 'B', 'Quebec City'),
  (895, 224, 'C', 'Toronto'),
  (896, 224, 'D', 'Ottawa'),
  (897, 225, 'A', 'federal state'),
  (898, 225, 'B', 'parliamentary democracy'),
  (899, 225, 'C', 'constitutional monarchy'),
  (900, 225, 'D', 'all of these'),
  (901, 226, 'A', 'Governor General'),
  (902, 226, 'B', 'Prime Minister'),
  (903, 226, 'C', 'Members of Parliament'),
  (904, 226, 'D', 'Senator'),
  (905, 227, 'A', 'House of Commons'),
  (906, 227, 'B', 'House of Lords'),
  (907, 227, 'C', 'Governor''s House'),
  (908, 227, 'D', 'Senate'),
  (909, 228, 'A', 'appointed by the UN'),
  (910, 228, 'B', 'appointed by the Sovereign'),
  (911, 228, 'C', 'appointed by landowners or police'),
  (912, 228, 'D', 'elected by voters in local constituencies'),
  (913, 229, 'A', 'Sovereign'),
  (914, 229, 'B', 'Senate'),
  (915, 229, 'C', 'House of Commons'),
  (916, 229, 'D', 'all of these'),
  (917, 230, 'A', 'non-confidence vote'),
  (918, 230, 'B', 'successful non-confidence vote'),
  (919, 230, 'C', 'confidence vote'),
  (920, 230, 'D', 'successful confidence vote'),
  (921, 231, 'A', 'every 5 years'),
  (922, 231, 'B', 'every 3 years'),
  (923, 231, 'C', 'every 4 years'),
  (924, 231, 'D', 'every 6 years'),
  (925, 232, 'A', 'once'),
  (926, 232, 'B', 'twice'),
  (927, 232, 'C', 'three times'),
  (928, 232, 'D', 'none'),
  (929, 233, 'A', 'pass the House of Commons'),
  (930, 233, 'B', 'receive royal assent'),
  (931, 233, 'C', 'pass the Senate'),
  (932, 233, 'D', 'all of these'),
  (933, 234, 'A', 'Lieutenant governors'),
  (934, 234, 'B', 'Prime Minister'),
  (935, 234, 'C', 'MPs'),
  (936, 234, 'D', 'Members of the House of Commons'),
  (937, 235, 'A', 'Prime Minister'),
  (938, 235, 'B', 'Governor'),
  (939, 235, 'C', 'Sovereign'),
  (940, 235, 'D', 'Senators'),
  (941, 236, 'A', 'Senate'),
  (942, 236, 'B', 'Lieutenant governors'),
  (943, 236, 'C', 'House of Commons'),
  (944, 236, 'D', 'Sovereign'),
  (945, 237, 'A', 'passing laws'),
  (946, 237, 'B', 'approving and monitoring expenditures'),
  (947, 237, 'C', 'keeping the government accountable'),
  (948, 237, 'D', 'all of these'),
  (949, 238, 'A', 'proposal'),
  (950, 238, 'B', 'inbox'),
  (951, 238, 'C', 'theory'),
  (952, 238, 'D', 'bill'),
  (953, 239, 'A', 'Canadian citizens'),
  (954, 239, 'B', 'Sovereign'),
  (955, 239, 'C', 'House of Commons'),
  (956, 239, 'D', 'Governor General'),
  (957, 240, 'A', 'Prime Minister'),
  (958, 240, 'B', 'Governor'),
  (959, 240, 'C', 'Sovereign'),
  (960, 240, 'D', 'none'),
  (961, 241, 'A', 'Prime Minister'),
  (962, 241, 'B', 'Governor'),
  (963, 241, 'C', 'Sovereign'),
  (964, 241, 'D', 'none'),
  (965, 242, 'A', 'Sovereign on the advice of the Prime Minister'),
  (966, 242, 'B', 'cabinet on the advice of the Sovereign'),
  (967, 242, 'C', 'Canadian citizens'),
  (968, 242, 'D', 'House of Commons'),
  (969, 243, 'A', '10'),
  (970, 243, 'B', '23'),
  (971, 243, 'C', '46'),
  (972, 243, 'D', '53'),
  (973, 244, 'A', '1'),
  (974, 244, 'B', '5'),
  (975, 244, 'C', '10'),
  (976, 244, 'D', '15'),
  (977, 245, 'A', 'Lieutenant Governor'),
  (978, 245, 'B', 'Premier'),
  (979, 245, 'C', 'Senate member'),
  (980, 245, 'D', 'MP'),
  (981, 246, 'A', 'Prime Minister'),
  (982, 246, 'B', 'Governor General'),
  (983, 246, 'C', 'cabinet minister'),
  (984, 246, 'D', 'none'),
  (985, 247, 'A', 'Sovereign'),
  (986, 247, 'B', 'Prime Minister'),
  (987, 247, 'C', 'Governors'),
  (988, 247, 'D', 'Senate members'),
  (989, 248, 'A', 'Governor'),
  (990, 248, 'B', 'Premier'),
  (991, 248, 'C', 'Senate member'),
  (992, 248, 'D', 'none'),
  (993, 249, 'A', 'Governor General'),
  (994, 249, 'B', 'Prime Minister'),
  (995, 249, 'C', 'Lieutenant Governor'),
  (996, 249, 'D', 'MPs'),
  (997, 250, 'A', 'Governor Generals'),
  (998, 250, 'B', 'Premiers'),
  (999, 250, 'C', 'Lieutenant Governors'),
  (1000, 250, 'D', 'Queen'),
  (1001, 251, 'A', 'royal assent'),
  (1002, 251, 'B', 'Prime Minister'),
  (1003, 251, 'C', 'public voting'),
  (1004, 251, 'D', 'NOCC'),
  (1005, 252, 'A', '100'),
  (1006, 252, 'B', '200'),
  (1007, 252, 'C', '207'),
  (1008, 252, 'D', '308'),
  (1009, 253, 'A', 'MP'),
  (1010, 253, 'B', 'Governor'),
  (1011, 253, 'C', 'Prime Minister'),
  (1012, 253, 'D', 'none'),
  (1013, 254, 'A', 'Senate member'),
  (1014, 254, 'B', 'Prime Minister'),
  (1015, 254, 'C', 'Governors'),
  (1016, 254, 'D', 'Members of the House of Commons'),
  (1017, 255, 'A', 'MP'),
  (1018, 255, 'B', 'Governor'),
  (1019, 255, 'C', 'Prime Minister'),
  (1020, 255, 'D', 'none'),
  (1021, 256, 'A', '300'),
  (1022, 256, 'B', '305'),
  (1023, 256, 'C', '350'),
  (1024, 256, 'D', '308'),
  (1025, 257, 'A', '20 or older'),
  (1026, 257, 'B', '19 or older'),
  (1027, 257, 'C', '18 or older'),
  (1028, 257, 'D', '17 or older'),
  (1029, 258, 'A', '24'),
  (1030, 258, 'B', '12'),
  (1031, 258, 'C', '6'),
  (1032, 258, 'D', 'as many as qualify'),
  (1033, 259, 'A', '208'),
  (1034, 259, 'B', '308'),
  (1035, 259, 'C', '408'),
  (1036, 259, 'D', '508'),
  (1037, 260, 'A', 'first Monday in October every 3 years'),
  (1038, 260, 'B', 'second Monday in August every 4 years'),
  (1039, 260, 'C', 'third Monday in October every 4 years'),
  (1040, 260, 'D', 'fifth Monday in September every 5 years'),
  (1041, 261, 'A', 'social media'),
  (1042, 261, 'B', 'mail'),
  (1043, 261, 'C', 'phone calls'),
  (1044, 261, 'D', 'citizens must find out on their own'),
  (1045, 262, 'A', 'online'),
  (1046, 262, 'B', 'advance polls or special ballot'),
  (1047, 262, 'C', 'you cannot vote'),
  (1048, 262, 'D', 'you decide on your own'),
  (1049, 263, 'A', 'yes'),
  (1050, 263, 'B', 'no'),
  (1051, 263, 'C', 'depends'),
  (1052, 263, 'D', 'none'),
  (1053, 264, 'A', 'Elections Canada'),
  (1054, 264, 'B', 'Legislative Assembly'),
  (1055, 264, 'C', 'Federal Government'),
  (1056, 264, 'D', 'Sovereign'),
  (1057, 265, 'A', 'voters list'),
  (1058, 265, 'B', 'voter information card'),
  (1059, 265, 'C', 'writing'),
  (1060, 265, 'D', 'ballot'),
  (1061, 266, 'A', 'a kind of game'),
  (1062, 266, 'B', 'no one can watch you vote and no one knows how you voted'),
  (1063, 266, 'C', 'confidential government information'),
  (1064, 266, 'D', 'none'),
  (1065, 267, 'A', 'the party with fewer seats'),
  (1066, 267, 'B', 'the party with more seats'),
  (1067, 267, 'C', 'a random party'),
  (1068, 267, 'D', 'the Queen suggests a party'),
  (1069, 268, 'A', 'Workers Party'),
  (1070, 268, 'B', 'Liberal Party'),
  (1071, 268, 'C', 'Officers Party'),
  (1072, 268, 'D', 'Feminist Party'),
  (1073, 269, 'A', 'successful'),
  (1074, 269, 'B', 'defeated'),
  (1075, 269, 'C', 'promoted'),
  (1076, 269, 'D', 'none'),
  (1077, 270, 'A', 'minority government'),
  (1078, 270, 'B', 'majority government'),
  (1079, 270, 'C', 'neutral government'),
  (1080, 270, 'D', 'none'),
  (1081, 271, 'A', 'Senate'),
  (1082, 271, 'B', 'Cabinet'),
  (1083, 271, 'C', 'ruler'),
  (1084, 271, 'D', 'table'),
  (1085, 272, 'A', 'MP'),
  (1086, 272, 'B', 'Senators'),
  (1087, 272, 'C', 'Cabinet ministers'),
  (1088, 272, 'D', 'Lieutenant governors'),
  (1089, 273, 'A', 'Prime Minister'),
  (1090, 273, 'B', 'cabinet ministers'),
  (1091, 273, 'C', 'Governor General'),
  (1092, 273, 'D', 'none'),
  (1093, 274, 'A', 'O'),
  (1094, 274, 'B', 'Y'),
  (1095, 274, 'C', 'X'),
  (1096, 274, 'D', 'exclamation mark'),
  (1097, 275, 'A', 'closed'),
  (1098, 275, 'B', 'not registered'),
  (1099, 275, 'C', 'secret'),
  (1100, 275, 'D', 'none'),
  (1101, 276, 'A', 'email'),
  (1102, 276, 'B', 'phone call'),
  (1103, 276, 'C', 'voter information card'),
  (1104, 276, 'D', 'social media'),
  (1105, 277, 'A', 'national defence'),
  (1106, 277, 'B', 'education'),
  (1107, 277, 'C', 'social health'),
  (1108, 277, 'D', 'agriculture'),
  (1109, 278, 'A', 'foreign policy'),
  (1110, 278, 'B', 'agriculture'),
  (1111, 278, 'C', 'health care'),
  (1112, 278, 'D', 'social and community health'),
  (1113, 279, 'A', 'national law'),
  (1114, 279, 'B', 'international law'),
  (1115, 279, 'C', 'bylaw'),
  (1116, 279, 'D', 'local law'),
  (1117, 280, 'A', 'mayor'),
  (1118, 280, 'B', 'Prime Minister'),
  (1119, 280, 'C', 'Governor General'),
  (1120, 280, 'D', 'MP'),
  (1121, 281, 'A', '300'),
  (1122, 281, 'B', '400'),
  (1123, 281, 'C', '450'),
  (1124, 281, 'D', '600'),
  (1125, 282, 'A', 'Queen Elizabeth II'),
  (1126, 282, 'B', 'Queen Victoria'),
  (1127, 282, 'C', 'Queen Elizabeth I'),
  (1128, 282, 'D', 'King Charles II'),
  (1129, 283, 'A', 'Queen Elizabeth III'),
  (1130, 283, 'B', 'Queen Elizabeth II'),
  (1131, 283, 'C', 'Queen Elizabeth I'),
  (1132, 283, 'D', 'Queen Victoria'),
  (1133, 284, 'A', 'Royal Financial College Kingston'),
  (1134, 284, 'B', 'Royal Nursing College Toronto'),
  (1135, 284, 'C', 'Royal Military College Kingston'),
  (1136, 284, 'D', 'Royal Medical Campaign'),
  (1137, 285, 'A', 'blue and red'),
  (1138, 285, 'B', 'white and purple'),
  (1139, 285, 'C', 'red and white'),
  (1140, 285, 'D', 'red and black'),
  (1141, 286, 'A', 'Union Jack'),
  (1142, 286, 'B', 'Union Queen'),
  (1143, 286, 'C', 'Union King'),
  (1144, 286, 'D', 'Union Law'),
  (1145, 287, 'A', '1865'),
  (1146, 287, 'B', '1876'),
  (1147, 287, 'C', '1885'),
  (1148, 287, 'D', '1897'),
  (1149, 288, 'A', '1965'),
  (1150, 288, 'B', '1955'),
  (1151, 288, 'C', '1950'),
  (1152, 288, 'D', '1930'),
  (1153, 289, 'A', '200'),
  (1154, 289, 'B', '100'),
  (1155, 289, 'C', '50'),
  (1156, 289, 'D', '10'),
  (1157, 290, 'A', '1950s'),
  (1158, 290, 'B', '1850s'),
  (1159, 290, 'C', '1750s'),
  (1160, 290, 'D', '1650s'),
  (1161, 291, 'A', 'pear leaf'),
  (1162, 291, 'B', 'kale leaf'),
  (1163, 291, 'C', 'maple leaf'),
  (1164, 291, 'D', 'guava leaf'),
  (1165, 292, 'A', '1400s'),
  (1166, 292, 'B', '1500s'),
  (1167, 292, 'C', '1600s'),
  (1168, 292, 'D', '1700s'),
  (1169, 293, 'A', 'beaver'),
  (1170, 293, 'B', 'maple leaf'),
  (1171, 293, 'C', 'fleur-de-lis'),
  (1172, 293, 'D', 'crown'),
  (1173, 294, 'A', 'maple leaf'),
  (1174, 294, 'B', 'lily flower'),
  (1175, 294, 'C', 'beaver'),
  (1176, 294, 'D', 'crown'),
  (1177, 295, 'A', '500'),
  (1178, 295, 'B', '495'),
  (1179, 295, 'C', '496'),
  (1180, 295, 'D', '596'),
  (1181, 296, 'A', '1948'),
  (1182, 296, 'B', '1950'),
  (1183, 296, 'C', '1958'),
  (1184, 296, 'D', '1960'),
  (1185, 297, 'A', '500'),
  (1186, 297, 'B', '1000'),
  (1187, 297, 'C', '1500'),
  (1188, 297, 'D', '2000'),
  (1189, 298, 'A', 'from river to river'),
  (1190, 298, 'B', 'from region to region'),
  (1191, 298, 'C', 'from sea to sea'),
  (1192, 298, 'D', 'from country to country'),
  (1193, 299, 'A', 'First World War'),
  (1194, 299, 'B', 'Second World War'),
  (1195, 299, 'C', 'third world war'),
  (1196, 299, 'D', 'Boer War'),
  (1197, 300, 'A', 'Germany'),
  (1198, 300, 'B', 'Korea'),
  (1199, 300, 'C', 'Ireland'),
  (1200, 300, 'D', 'Australia'),
  (1201, 301, 'A', 'Parliament buildings'),
  (1202, 301, 'B', 'Peace Tower'),
  (1203, 301, 'C', 'Eiffel Tower'),
  (1204, 301, 'D', 'Clock Tower'),
  (1205, 302, 'A', 'soldiers who died in war'),
  (1206, 302, 'B', 'soldiers who served'),
  (1207, 302, 'C', 'commanders'),
  (1208, 302, 'D', 'prime ministers'),
  (1209, 303, 'A', 'French First Empire'),
  (1210, 303, 'B', 'French Second Empire'),
  (1211, 303, 'C', 'French Third Empire'),
  (1212, 303, 'D', 'German and Indian'),
  (1213, 304, 'A', '1920'),
  (1214, 304, 'B', '1927'),
  (1215, 304, 'C', '1930'),
  (1216, 304, 'D', '1937'),
  (1217, 305, 'A', 'entrance'),
  (1218, 305, 'B', 'central lounge'),
  (1219, 305, 'C', 'library'),
  (1220, 305, 'D', 'basement'),
  (1221, 306, 'A', 'books of science'),
  (1222, 306, 'B', 'books of history'),
  (1223, 306, 'C', 'books of remembrance'),
  (1224, 306, 'D', 'books of economics'),
  (1225, 307, 'A', 'Battle of the Plains of Abraham'),
  (1226, 307, 'B', 'Second World War'),
  (1227, 307, 'C', 'First World War'),
  (1228, 307, 'D', 'Boer War'),
  (1229, 308, 'A', '1700s'),
  (1230, 308, 'B', '1800s'),
  (1231, 308, 'C', '1900s'),
  (1232, 308, 'D', '2000s'),
  (1233, 309, 'A', 'cricket'),
  (1234, 309, 'B', 'badminton'),
  (1235, 309, 'C', 'hockey'),
  (1236, 309, 'D', 'football'),
  (1237, 310, 'A', 'basketball'),
  (1238, 310, 'B', 'football'),
  (1239, 310, 'C', 'cricket'),
  (1240, 310, 'D', 'lacrosse'),
  (1241, 311, 'A', 'Germans'),
  (1242, 311, 'B', 'French'),
  (1243, 311, 'C', 'Aboriginal peoples'),
  (1244, 311, 'D', 'Indians'),
  (1245, 312, 'A', 'cricket'),
  (1246, 312, 'B', 'golf'),
  (1247, 312, 'C', 'basketball'),
  (1248, 312, 'D', 'soccer'),
  (1249, 313, 'A', 'Adrienne Clarkson'),
  (1250, 313, 'B', 'Lord Stanley'),
  (1251, 313, 'C', 'Fort Garry'),
  (1252, 313, 'D', 'Sir Alexander Macdonald'),
  (1253, 314, 'A', 'lacrosse'),
  (1254, 314, 'B', 'basketball'),
  (1255, 314, 'C', 'football'),
  (1256, 314, 'D', 'curling'),
  (1257, 315, 'A', 'football'),
  (1258, 315, 'B', 'lacrosse'),
  (1259, 315, 'C', 'hockey'),
  (1260, 315, 'D', 'cricket'),
  (1261, 316, 'A', 'cricket'),
  (1262, 316, 'B', 'badminton'),
  (1263, 316, 'C', 'football'),
  (1264, 316, 'D', 'hockey'),
  (1265, 317, 'A', 'men''s hockey'),
  (1266, 317, 'B', 'women''s hockey'),
  (1267, 317, 'C', 'both'),
  (1268, 317, 'D', 'neither'),
  (1269, 318, 'A', 'lion'),
  (1270, 318, 'B', 'eagle'),
  (1271, 318, 'C', 'bison'),
  (1272, 318, 'D', 'beaver'),
  (1273, 319, 'A', 'maple leaf'),
  (1274, 319, 'B', 'polar bears'),
  (1275, 319, 'C', 'deer'),
  (1276, 319, 'D', 'beaver'),
  (1277, 320, 'A', '1834'),
  (1278, 320, 'B', '1824'),
  (1279, 320, 'C', '1814'),
  (1280, 320, 'D', '1804'),
  (1281, 321, 'A', 'fleur-de-lis'),
  (1282, 321, 'B', 'maple leaf'),
  (1283, 321, 'C', 'beaver'),
  (1284, 321, 'D', 'crown'),
  (1285, 322, 'A', 'Ontario'),
  (1286, 322, 'B', 'Newfoundland'),
  (1287, 322, 'C', 'Quebec City'),
  (1288, 322, 'D', 'Vancouver'),
  (1289, 323, 'A', 'everywhere'),
  (1290, 323, 'B', 'only in Parliament'),
  (1291, 323, 'C', 'only in specific regions'),
  (1292, 323, 'D', 'only in Ontario'),
  (1293, 324, 'A', '1960'),
  (1294, 324, 'B', '1970'),
  (1295, 324, 'C', '1980'),
  (1296, 324, 'D', '1990'),
  (1297, 325, 'A', 'God Bless the Queen'),
  (1298, 325, 'B', 'God Save the Queen'),
  (1299, 325, 'C', 'God Defend the Queen'),
  (1300, 325, 'D', 'God Protect the Queen'),
  (1301, 326, 'A', 'with the same words'),
  (1302, 326, 'B', 'in the words of their own language'),
  (1303, 326, 'C', 'they do not sing it'),
  (1304, 326, 'D', 'none'),
  (1305, 327, 'A', '200'),
  (1306, 327, 'B', '300'),
  (1307, 327, 'C', '400'),
  (1308, 327, 'D', '500'),
  (1309, 328, 'A', '1959'),
  (1310, 328, 'B', '1969'),
  (1311, 328, 'C', '1979'),
  (1312, 328, 'D', '1989'),
  (1313, 329, 'A', '16-70'),
  (1314, 329, 'B', '18-54'),
  (1315, 329, 'C', '19-50'),
  (1316, 329, 'D', '15-60'),
  (1317, 330, 'A', '1937'),
  (1318, 330, 'B', '1987'),
  (1319, 330, 'C', '1967'),
  (1320, 330, 'D', '1997'),
  (1321, 331, 'A', 'German'),
  (1322, 331, 'B', 'Indian'),
  (1323, 331, 'C', 'British'),
  (1324, 331, 'D', 'Australian'),
  (1325, 332, 'A', 'any Canadian'),
  (1326, 332, 'B', 'Parliament'),
  (1327, 332, 'C', 'Prime Minister'),
  (1328, 332, 'D', 'Queen'),
  (1329, 333, 'A', 'Abel Seaman William Hall'),
  (1330, 333, 'B', 'Corporal Philip Konowal'),
  (1331, 333, 'C', 'Lt. Alexander Robert Dunn'),
  (1332, 333, 'D', 'Captain Paul Triquet'),
  (1333, 334, 'A', 'Abel Seaman William Hall'),
  (1334, 334, 'B', 'Corporal Philip Konowal'),
  (1335, 334, 'C', 'Captain Paul Triquet'),
  (1336, 334, 'D', 'Lt. Robert Hampton Gray'),
  (1337, 335, 'A', 'scientific research'),
  (1338, 335, 'B', 'conspicuous bravery'),
  (1339, 335, 'C', 'civil service'),
  (1340, 335, 'D', 'military service'),
  (1341, 336, 'A', 'Nobel Prize'),
  (1342, 336, 'B', 'Victoria Cross'),
  (1343, 336, 'C', 'Lieutenant Shield'),
  (1344, 336, 'D', 'none'),
  (1345, 337, 'A', '67'),
  (1346, 337, 'B', '85'),
  (1347, 337, 'C', '71'),
  (1348, 337, 'D', '96'),
  (1349, 338, 'A', 'Abel Seaman William Hall'),
  (1350, 338, 'B', 'Corporal Philip Konowal'),
  (1351, 338, 'C', 'Lt. Alexander Robert Dunn'),
  (1352, 338, 'D', 'Captain Paul Triquet'),
  (1353, 339, 'A', 'Friday preceding Easter Sunday'),
  (1354, 339, 'B', 'Friday preceding Easter Monday'),
  (1355, 339, 'C', 'Tuesday preceding Easter'),
  (1356, 339, 'D', 'Wednesday preceding Easter'),
  (1357, 340, 'A', 'November 11'),
  (1358, 340, 'B', 'November 20'),
  (1359, 340, 'C', 'December 25'),
  (1360, 340, 'D', 'December 26'),
  (1361, 341, 'A', 'April 9'),
  (1362, 341, 'B', 'May 29'),
  (1363, 341, 'C', 'June 30'),
  (1364, 341, 'D', 'March 30'),
  (1365, 342, 'A', 'November 11'),
  (1366, 342, 'B', 'November 20'),
  (1367, 342, 'C', 'December 25'),
  (1368, 342, 'D', 'December 26'),
  (1369, 343, 'A', 'June 1'),
  (1370, 343, 'B', 'July 1'),
  (1371, 343, 'C', 'August 1'),
  (1372, 343, 'D', 'September 1'),
  (1373, 344, 'A', 'August 24'),
  (1374, 344, 'B', 'June 24'),
  (1375, 344, 'C', 'July 24'),
  (1376, 344, 'D', 'September 24'),
  (1377, 345, 'A', 'second Monday in October'),
  (1378, 345, 'B', 'first Monday in September'),
  (1379, 345, 'C', 'third Tuesday in December'),
  (1380, 345, 'D', 'first Friday in November'),
  (1381, 346, 'A', 'November 11'),
  (1382, 346, 'B', 'November 20'),
  (1383, 346, 'C', 'December 25'),
  (1384, 346, 'D', 'December 26'),
  (1385, 347, 'A', 'November 11'),
  (1386, 347, 'B', 'November 20'),
  (1387, 347, 'C', 'December 25'),
  (1388, 347, 'D', 'December 26'),
  (1389, 348, 'A', 'top 3'),
  (1390, 348, 'B', 'top 5'),
  (1391, 348, 'C', 'top 8'),
  (1392, 348, 'D', 'top 10'),
  (1393, 349, 'A', '1968'),
  (1394, 349, 'B', '1988'),
  (1395, 349, 'C', '1998'),
  (1396, 349, 'D', '2018'),
  (1397, 350, 'A', 'tourism'),
  (1398, 350, 'B', 'finance'),
  (1399, 350, 'C', 'service'),
  (1400, 350, 'D', 'trading'),
  (1401, 351, 'A', 'Germany'),
  (1402, 351, 'B', 'Japan'),
  (1403, 351, 'C', 'Mexico'),
  (1404, 351, 'D', 'China'),
  (1405, 352, 'A', 'Mexico'),
  (1406, 352, 'B', 'United States'),
  (1407, 352, 'C', 'Australia'),
  (1408, 352, 'D', 'Greenland'),
  (1409, 353, 'A', 'the world''s longest undefended border'),
  (1410, 353, 'B', 'Intercanada and America'),
  (1411, 353, 'C', 'intercity defense'),
  (1412, 353, 'D', 'Canadian highway'),
  (1413, 354, 'A', '25%'),
  (1414, 354, 'B', '50%'),
  (1415, 354, 'C', '75%'),
  (1416, 354, 'D', '85%'),
  (1417, 355, 'A', 'one quarter'),
  (1418, 355, 'B', 'three quarters'),
  (1419, 355, 'C', 'half'),
  (1420, 355, 'D', 'less than a quarter'),
  (1421, 356, 'A', 'natural resources'),
  (1422, 356, 'B', 'manufacturing'),
  (1423, 356, 'C', 'automobiles'),
  (1424, 356, 'D', 'all of these'),
  (1425, 357, 'A', '2'),
  (1426, 357, 'B', '3'),
  (1427, 357, 'C', '4'),
  (1428, 357, 'D', '5'),
  (1429, 358, 'A', 'Pacific'),
  (1430, 358, 'B', 'Atlantic'),
  (1431, 358, 'C', 'Arctic'),
  (1432, 358, 'D', 'none'),
  (1433, 359, 'A', 'first'),
  (1434, 359, 'B', 'second'),
  (1435, 359, 'C', 'third'),
  (1436, 359, 'D', 'fourth'),
  (1437, 360, 'A', 'Arctic Ocean'),
  (1438, 360, 'B', 'Atlantic Ocean'),
  (1439, 360, 'C', 'Canada-US boundary'),
  (1440, 360, 'D', 'Greenland'),
  (1441, 361, 'A', '2'),
  (1442, 361, 'B', '3'),
  (1443, 361, 'C', '4'),
  (1444, 361, 'D', '5'),
  (1445, 362, 'A', 'Prairie Provinces'),
  (1446, 362, 'B', 'Atlantic Provinces'),
  (1447, 362, 'C', 'Central Canada'),
  (1448, 362, 'D', 'Yukon'),
  (1449, 363, 'A', 'Queen Elizabeth I'),
  (1450, 363, 'B', 'Queen Elizabeth II'),
  (1451, 363, 'C', 'Queen Victoria'),
  (1452, 363, 'D', 'King Charles II'),
  (1453, 364, 'A', 'National Capital Region'),
  (1454, 364, 'B', 'National Canadian Region'),
  (1455, 364, 'C', 'National Territorial Region'),
  (1456, 364, 'D', 'National Queens Region'),
  (1457, 365, 'A', '1857'),
  (1458, 365, 'B', '1875'),
  (1459, 365, 'C', '1845'),
  (1460, 365, 'D', '1834'),
  (1461, 366, 'A', 'Ontario'),
  (1462, 366, 'B', 'Ottawa'),
  (1463, 366, 'C', 'Quebec City'),
  (1464, 366, 'D', 'none'),
  (1465, 367, 'A', 'first'),
  (1466, 367, 'B', 'second'),
  (1467, 367, 'C', 'third'),
  (1468, 367, 'D', 'fourth'),
  (1469, 368, 'A', '2'),
  (1470, 368, 'B', '3'),
  (1471, 368, 'C', '4'),
  (1472, 368, 'D', '5'),
  (1473, 369, 'A', '5'),
  (1474, 369, 'B', '10'),
  (1475, 369, 'C', '15'),
  (1476, 369, 'D', '20'),
  (1477, 370, 'A', '20 million'),
  (1478, 370, 'B', '24 million'),
  (1479, 370, 'C', '30 million'),
  (1480, 370, 'D', '34 million'),
  (1481, 371, 'A', 'Anne'),
  (1482, 371, 'B', 'Lucy'),
  (1483, 371, 'C', 'Matilda'),
  (1484, 371, 'D', 'Lyanna'),
  (1485, 372, 'A', 'New Brunswick'),
  (1486, 372, 'B', 'Prince Edward Island'),
  (1487, 372, 'C', 'Nova Scotia'),
  (1488, 372, 'D', 'Newfoundland and Labrador'),
  (1489, 373, 'A', 'Appalachian'),
  (1490, 373, 'B', 'K2'),
  (1491, 373, 'C', 'Yukon'),
  (1492, 373, 'D', 'Rocky'),
  (1493, 374, 'A', 'Newfoundland and Labrador'),
  (1494, 374, 'B', 'Prince Edward Island'),
  (1495, 374, 'C', 'Alberta'),
  (1496, 374, 'D', 'Yukon'),
  (1497, 375, 'A', 'Newfoundland and Labrador'),
  (1498, 375, 'B', 'New Brunswick'),
  (1499, 375, 'C', 'Yukon'),
  (1500, 375, 'D', 'Alberta'),
  (1501, 376, 'A', 'Newfoundland and Labrador'),
  (1502, 376, 'B', 'Prince Edward Island'),
  (1503, 376, 'C', 'Nova Scotia'),
  (1504, 376, 'D', 'New Brunswick'),
  (1505, 377, 'A', 'Newfoundland and Labrador'),
  (1506, 377, 'B', 'Prince Edward Island'),
  (1507, 377, 'C', 'Nova Scotia'),
  (1508, 377, 'D', 'New Brunswick'),
  (1509, 378, 'A', 'Saint John'),
  (1510, 378, 'B', 'Victoria'),
  (1511, 378, 'C', 'Halifax'),
  (1512, 378, 'D', 'Aylmer'),
  (1513, 379, 'A', 'Newfoundland and Labrador'),
  (1514, 379, 'B', 'Prince Edward Island'),
  (1515, 379, 'C', 'Nova Scotia'),
  (1516, 379, 'D', 'New Brunswick'),
  (1517, 380, 'A', 'Ontario'),
  (1518, 380, 'B', 'Yukon'),
  (1519, 380, 'C', 'Alberta'),
  (1520, 380, 'D', 'Nova Scotia'),
  (1521, 381, 'A', 'Newfoundland and Labrador'),
  (1522, 381, 'B', 'Prince Edward Island'),
  (1523, 381, 'C', 'Nova Scotia'),
  (1524, 381, 'D', 'New Brunswick'),
  (1525, 382, 'A', 'Nova Scotia'),
  (1526, 382, 'B', 'New Brunswick'),
  (1527, 382, 'C', 'Newfoundland and Labrador'),
  (1528, 382, 'D', 'Prince Edward Island'),
  (1529, 383, 'A', 'one half'),
  (1530, 383, 'B', 'one third'),
  (1531, 383, 'C', 'one sixth'),
  (1532, 383, 'D', 'one fifth'),
  (1533, 384, 'A', '4'),
  (1534, 384, 'B', '3'),
  (1535, 384, 'C', '5'),
  (1536, 384, 'D', '6'),
  (1537, 385, 'A', 'German'),
  (1538, 385, 'B', 'British'),
  (1539, 385, 'C', 'French'),
  (1540, 385, 'D', 'none'),
  (1541, 386, 'A', 'oil'),
  (1542, 386, 'B', 'potatoes'),
  (1543, 386, 'C', 'marbles'),
  (1544, 386, 'D', 'coal'),
  (1545, 387, 'A', '2'),
  (1546, 387, 'B', '3'),
  (1547, 387, 'C', '4'),
  (1548, 387, 'D', '5'),
  (1549, 388, 'A', 'Winnipeg'),
  (1550, 388, 'B', 'Toronto'),
  (1551, 388, 'C', 'Regina'),
  (1552, 388, 'D', 'Victoria'),
  (1553, 389, 'A', 'Saint John'),
  (1554, 389, 'B', 'Winnipeg'),
  (1555, 389, 'C', 'Victoria'),
  (1556, 389, 'D', 'Montreal'),
  (1557, 390, 'A', '4'),
  (1558, 390, 'B', '5'),
  (1559, 390, 'C', '6'),
  (1560, 390, 'D', '7'),
  (1561, 391, 'A', 'one quarter'),
  (1562, 391, 'B', 'one third'),
  (1563, 391, 'C', 'one half'),
  (1564, 391, 'D', 'three quarters'),
  (1565, 392, 'A', 'Quebec'),
  (1566, 392, 'B', 'Ontario'),
  (1567, 392, 'C', 'Manitoba'),
  (1568, 392, 'D', 'Victoria'),
  (1569, 393, 'A', 'Lake Erie'),
  (1570, 393, 'B', 'Lake Ontario'),
  (1571, 393, 'C', 'Lake Superior'),
  (1572, 393, 'D', 'Lake McKenzie'),
  (1573, 394, 'A', 'one third'),
  (1574, 394, 'B', 'one half'),
  (1575, 394, 'C', 'one quarter'),
  (1576, 394, 'D', 'one fifth'),
  (1577, 395, 'A', '7 million'),
  (1578, 395, 'B', '8 million'),
  (1579, 395, 'C', '9 million'),
  (1580, 395, 'D', '10 million'),
  (1581, 396, 'A', 'Quebec'),
  (1582, 396, 'B', 'Alberta'),
  (1583, 396, 'C', 'Yukon'),
  (1584, 396, 'D', 'Newfoundland and Labrador'),
  (1585, 397, 'A', '1885'),
  (1586, 397, 'B', '1890'),
  (1587, 397, 'C', '1895'),
  (1588, 397, 'D', '1900'),
  (1589, 398, 'A', 'New Brunswick'),
  (1590, 398, 'B', 'Montreal'),
  (1591, 398, 'C', 'Manitoba'),
  (1592, 398, 'D', 'Ontario'),
  (1593, 399, 'A', '30%'),
  (1594, 399, 'B', '40%'),
  (1595, 399, 'C', '50%'),
  (1596, 399, 'D', '60%'),
  (1597, 400, 'A', 'fertile farmlands'),
  (1598, 400, 'B', 'oil reserves'),
  (1599, 400, 'C', 'coal reserves'),
  (1600, 400, 'D', 'freshwater lakes'),
  (1601, 401, 'A', 'Saskatchewan'),
  (1602, 401, 'B', 'Victoria'),
  (1603, 401, 'C', 'Regina'),
  (1604, 401, 'D', 'Montreal'),
  (1605, 402, 'A', 'Saint John'),
  (1606, 402, 'B', 'Charlottetown'),
  (1607, 402, 'C', 'Edmonton'),
  (1608, 402, 'D', 'Edmonton'),
  (1609, 403, 'A', 'Regina'),
  (1610, 403, 'B', 'Saskatoon'),
  (1611, 403, 'C', 'Toronto'),
  (1612, 403, 'D', 'Montreal'),
  (1613, 404, 'A', 'Montreal'),
  (1614, 404, 'B', 'Victoria'),
  (1615, 404, 'C', 'New Brunswick'),
  (1616, 404, 'D', 'Winnipeg'),
  (1617, 405, 'A', '5 million'),
  (1618, 405, 'B', '4 million'),
  (1619, 405, 'C', '3 million'),
  (1620, 405, 'D', '2 million'),
  (1621, 406, 'A', 'natural resources'),
  (1622, 406, 'B', 'automobiles'),
  (1623, 406, 'C', 'forestry products'),
  (1624, 406, 'D', 'oil'),
  (1625, 407, 'A', 'Winnipeg'),
  (1626, 407, 'B', 'Quebec City'),
  (1627, 407, 'C', 'Victoria'),
  (1628, 407, 'D', 'Yellowknife'),
  (1629, 408, 'A', '900'),
  (1630, 408, 'B', '800'),
  (1631, 408, 'C', '600'),
  (1632, 408, 'D', '700'),
  (1633, 409, 'A', 'Port of Vancouver'),
  (1634, 409, 'B', 'Port of Quebec'),
  (1635, 409, 'C', 'Port of Montreal'),
  (1636, 409, 'D', 'Port of New Brunswick'),
  (1637, 410, 'A', 'Mackenzie'),
  (1638, 410, 'B', 'Yukon'),
  (1639, 410, 'C', 'Boer'),
  (1640, 410, 'D', 'Lawrence'),
  (1641, 411, 'A', 'Mackenzie River'),
  (1642, 411, 'B', 'St. John River'),
  (1643, 411, 'C', 'Mississippi'),
  (1644, 411, 'D', 'none'),
  (1645, 412, 'A', 'one half'),
  (1646, 412, 'B', 'one third'),
  (1647, 412, 'C', 'one quarter'),
  (1648, 412, 'D', 'one fifth'),
  (1649, 413, 'A', 'Quebec City'),
  (1650, 413, 'B', 'Montreal'),
  (1651, 413, 'C', 'Yellowknife'),
  (1652, 413, 'D', 'Victoria'),
  (1653, 414, 'A', 'Atlantic'),
  (1654, 414, 'B', 'Central Canada'),
  (1655, 414, 'C', 'West Coast'),
  (1656, 414, 'D', 'Northern Territories'),
  (1657, 415, 'A', 'Yellow Moon'),
  (1658, 415, 'B', 'White Knife'),
  (1659, 415, 'C', 'Whitehorse'),
  (1660, 415, 'D', 'Yellow Horse'),
  (1661, 416, 'A', '100000'),
  (1662, 416, 'B', '200000'),
  (1663, 416, 'C', '300000'),
  (1664, 416, 'D', '400000'),
  (1665, 417, 'A', '1999'),
  (1666, 417, 'B', '1995'),
  (1667, 417, 'C', '1991'),
  (1668, 417, 'D', '1986'),
  (1669, 418, 'A', '1860s'),
  (1670, 418, 'B', '1890s'),
  (1671, 418, 'C', '1990s'),
  (1672, 418, 'D', '1910s'),
  (1673, 419, 'A', 'Atlantic'),
  (1674, 419, 'B', 'land of the midnight sun'),
  (1675, 419, 'C', 'Central Canada'),
  (1676, 419, 'D', 'West Coast'),
  (1677, 420, 'A', 'Yukon'),
  (1678, 420, 'B', 'Northwest Territories'),
  (1679, 420, 'C', 'Alberta'),
  (1680, 420, 'D', 'Nunavut'),
  (1681, 421, 'A', 'beaver'),
  (1682, 421, 'B', 'porcupine'),
  (1683, 421, 'C', 'caribou'),
  (1684, 421, 'D', 'camel'),
  (1685, 422, 'A', 'Canadian police'),
  (1686, 422, 'B', 'Canadian Rangers'),
  (1687, 422, 'C', 'Canadian doctors'),
  (1688, 422, 'D', 'Canadian Army'),
  (1689, 423, 'A', 'motorbike'),
  (1690, 423, 'B', 'heated engine cars'),
  (1691, 423, 'C', 'snowmobiles'),
  (1692, 423, 'D', 'none'),
  (1693, 424, 'A', 'in their office on Parliament Hill'),
  (1694, 424, 'B', 'visiting the province of Quebec'),
  (1695, 424, 'C', 'in the part of the country where they were elected'),
  (1696, 424, 'D', 'vacationing'),
  (1697, 425, 'A', 'the party with the most elected representatives invited by the Governor General'),
  (1698, 425, 'B', 'the Queen picks'),
  (1699, 425, 'C', 'Governor General proposes a law'),
  (1700, 425, 'D', 'premiers pick'),
  (1701, 426, 'A', 'equality of women and men'),
  (1702, 426, 'B', 'equality of all races'),
  (1703, 426, 'C', 'equal pay for equal work'),
  (1704, 426, 'D', 'equal rights'),
  (1705, 427, 'A', 'Inuit word for country'),
  (1706, 427, 'B', 'French word for joining'),
  (1707, 427, 'C', 'Metis word for rivers'),
  (1708, 427, 'D', 'Kanata, a Huron-Iroquoian word for village'),
  (1709, 428, 'A', 'schools'),
  (1710, 428, 'B', 'workplace'),
  (1711, 428, 'C', 'Parliament of Canada'),
  (1712, 428, 'D', 'city hall'),
  (1713, 429, 'A', 'O Canada, our home and native land'),
  (1714, 429, 'B', 'Our province and native land'),
  (1715, 429, 'C', 'From far and wide'),
  (1716, 429, 'D', 'We stand on guard for thee'),
  (1717, 430, 'A', 'the party with the most representatives forms government and the Queen chooses the PM'),
  (1718, 430, 'B', 'the party with the most representatives forms government and its leader becomes Prime Minister'),
  (1719, 430, 'C', 'the Governor General picks'),
  (1720, 430, 'D', 'each province elects one representative and the Queen chooses the PM'),
  (1721, 431, 'A', 'no'),
  (1722, 431, 'B', 'yes, but only service and not conduct'),
  (1723, 431, 'C', 'yes, but only conduct and not service'),
  (1724, 431, 'D', 'yes, if you feel the need to'),
  (1725, 432, 'A', 'natural resources'),
  (1726, 432, 'B', 'tourism'),
  (1727, 432, 'C', 'service'),
  (1728, 432, 'D', 'manufacturing'),
  (1729, 433, 'A', 'Central Canada'),
  (1730, 433, 'B', 'Prairies'),
  (1731, 433, 'C', 'Atlantic Canada'),
  (1732, 433, 'D', 'Northern Canada'),
  (1733, 434, 'A', 'Conservative Poilievre, NDP Singh, Liberal Trudeau, Bloc Blanchet, Green Kutner'),
  (1734, 434, 'B', 'Conservative Poilievre, Green May, Liberal Trudeau, Bloc Duceppe'),
  (1735, 434, 'C', 'NDP Singh, Green May, Liberal Ray, Bloc Pi'),
  (1736, 434, 'D', 'Liberal Trudeau, Conservative PyV, NDP Singh, Green May'),
  (1737, 435, 'A', 'Midwest, North, South, East, Central'),
  (1738, 435, 'B', 'Maritimes, Ontario, Quebec, Prairies, BC'),
  (1739, 435, 'C', 'Atlantic, Central, Prairie, West Coast, North'),
  (1740, 435, 'D', 'West, Central, East, Prairies, Territories'),
  (1741, 436, 'A', 'freedom of speech, right to own land, fair trial'),
  (1742, 436, 'B', 'mobility rights, multiculturalism, Aboriginal rights'),
  (1743, 436, 'C', 'right to ski, moving rights, public assembly'),
  (1744, 436, 'D', 'right to vote, speak publicly, security'),
  (1745, 437, 'A', 'freedom of conscience and religion and freedom of association'),
  (1746, 437, 'B', 'equality rights and heritage'),
  (1747, 437, 'C', 'basic freedoms and obeying laws'),
  (1748, 437, 'D', 'Aboriginal rights and volunteering'),
  (1749, 438, 'A', 'Constitution and English common law'),
  (1750, 438, 'B', 'Civil Code of France and Constitution'),
  (1751, 438, 'C', 'Canadian Charter of Rights and Freedoms and Magna Carta'),
  (1752, 438, 'D', 'laws passed by Parliament and English common law'),
  (1753, 439, 'A', 'national defence and firefighting'),
  (1754, 439, 'B', 'national defence and foreign policy'),
  (1755, 439, 'C', 'citizenship and highways'),
  (1756, 439, 'D', 'recycling and education'),
  (1757, 440, 'A', 'citizenship and foreign policy'),
  (1758, 440, 'B', 'health and education'),
  (1759, 440, 'C', 'defence and currency'),
  (1760, 440, 'D', 'criminal law and interprovincial trade'),
  (1761, 441, 'A', 'buying a house and a TV'),
  (1762, 441, 'B', 'getting a job, caring for your family and working hard'),
  (1763, 441, 'C', 'doing laundry'),
  (1764, 441, 'D', 'studying for a vacation'),
  (1765, 442, 'A', 'Alberta-Edmonton and Saskatchewan-Regina'),
  (1766, 442, 'B', 'Alberta-Edmonton, Saskatchewan-Regina, Manitoba-Winnipeg'),
  (1767, 442, 'C', 'Saskatchewan-Regina and Manitoba-Winnipeg'),
  (1768, 442, 'D', 'Saskatchewan, Manitoba and Ontario'),
  (1769, 443, 'A', 'Alaska-Juno and Yukon-Whitehorse'),
  (1770, 443, 'B', 'Northwest Territories-Yellowknife and Alaska-Juno'),
  (1771, 443, 'C', 'Northwest Territories-Yellowknife'),
  (1772, 443, 'D', 'Yukon-Whitehorse, Northwest Territories-Yellowknife, Nunavut-Iqaluit'),
  (1773, 444, 'A', 'federal, provincial or territorial, and municipal or local'),
  (1774, 444, 'B', 'federal, provincial, city'),
  (1775, 444, 'C', 'federal, territorial, provincial'),
  (1776, 444, 'D', 'federal, state, local'),
  (1777, 445, 'A', 'English and Metis'),
  (1778, 445, 'B', 'Inuktitut and French'),
  (1779, 445, 'C', 'English and French'),
  (1780, 445, 'D', 'English and Inuktitut'),
  (1781, 446, 'A', 'easy access to the west coast'),
  (1782, 446, 'B', 'what can be achieved by working together'),
  (1783, 446, 'C', 'unity'),
  (1784, 446, 'D', 'ribbons of steel'),
  (1785, 447, 'A', 'worked together to establish the Dominion of Canada'),
  (1786, 447, 'B', 'explored and surveyed the North'),
  (1787, 447, 'C', 'formed a republican state'),
  (1788, 447, 'D', 'tried to unite Canada to the USA'),
  (1789, 448, 'A', 'red and white with provincial emblems'),
  (1790, 448, 'B', 'red and white with a beaver'),
  (1791, 448, 'C', 'white with a red border on each end and a red maple leaf in the centre'),
  (1792, 448, 'D', 'red with a white maple leaf'),
  (1793, 449, 'A', 'dictatorship'),
  (1794, 449, 'B', 'parliamentary government'),
  (1795, 449, 'C', 'military rule'),
  (1796, 449, 'D', 'communism'),
  (1797, 450, 'A', 'a race-based entry fee for Chinese immigrants entering Canada'),
  (1798, 450, 'B', 'a fee for anyone entering after 1900'),
  (1799, 450, 'C', 'a tax on beer since 1867'),
  (1800, 450, 'D', 'a fee for moving westward'),
  (1801, 451, 'A', 'Catholic'),
  (1802, 451, 'B', 'Muslim'),
  (1803, 451, 'C', 'Jewish'),
  (1804, 451, 'D', 'Hindu'),
  (1805, 452, 'A', 'David Johnston'),
  (1806, 452, 'B', 'Mary Simon'),
  (1807, 452, 'C', 'Richard Wagner'),
  (1808, 452, 'D', 'Julie Payette'),
  (1809, 453, 'A', 'Justin Trudeau, Liberal Party'),
  (1810, 453, 'B', 'Stephen Harper, Conservative Party'),
  (1811, 453, 'C', 'Thomas Mulcair, NDP'),
  (1812, 453, 'D', 'Christy Clark, Liberal Party'),
  (1813, 454, 'A', 'assist the Prime Minister'),
  (1814, 454, 'B', 'sign bills'),
  (1815, 454, 'C', 'oppose or try to improve government proposals'),
  (1816, 454, 'D', 'put forward bills'),
  (1817, 455, 'A', '30%'),
  (1818, 455, 'B', '6%'),
  (1819, 455, 'C', '50%'),
  (1820, 455, 'D', '65%'),
  (1821, 456, 'A', 'go to the police'),
  (1822, 456, 'B', 'call your MP'),
  (1823, 456, 'C', 'assume you cannot vote'),
  (1824, 456, 'D', 'contact Elections Canada or visit its website'),
  (1825, 457, 'A', 'go, tell officials who you are, mark X, give ballot back'),
  (1826, 457, 'B', 'go, remove ballot, mark X, deposit it'),
  (1827, 457, 'C', 'go with voter card, highlight choice, deposit it'),
  (1828, 457, 'D', 'go with voter card and ID, mark X, fold ballot, present it to officials, then deposit it'),
  (1829, 458, 'A', 'Ontario'),
  (1830, 458, 'B', 'Nova Scotia'),
  (1831, 458, 'C', 'Quebec'),
  (1832, 458, 'D', 'Prince Edward Island'),
  (1833, 459, 'A', 'Constitutional Act 1867'),
  (1834, 459, 'B', 'Constitutional Act 1791'),
  (1835, 459, 'C', 'Constitutional Act 1982'),
  (1836, 459, 'D', 'Constitutional Act 2010'),
  (1837, 460, 'A', 'United States'),
  (1838, 460, 'B', 'Central America'),
  (1839, 460, 'C', 'Mexico'),
  (1840, 460, 'D', 'Washington'),
  (1841, 461, 'A', 'Green'),
  (1842, 461, 'B', 'NDP'),
  (1843, 461, 'C', 'Liberal'),
  (1844, 461, 'D', 'Conservative'),
  (1845, 462, 'A', 'the federal government placed Aboriginal children in residential schools'),
  (1846, 462, 'B', 'the schools were poorly funded and caused hardship'),
  (1847, 462, 'C', 'the schools were welcomed by Aboriginal people'),
  (1848, 462, 'D', 'Aboriginal language and culture were largely prohibited'),
  (1849, 463, 'A', 'NDP'),
  (1850, 463, 'B', 'Liberal'),
  (1851, 463, 'C', 'Independent'),
  (1852, 463, 'D', 'Conservative'),
  (1853, 464, 'A', 'Central Canada'),
  (1854, 464, 'B', 'Prairies'),
  (1855, 464, 'C', 'Atlantic Canada'),
  (1856, 464, 'D', 'Northern Territories'),
  (1857, 465, 'A', 'Atlantic provinces'),
  (1858, 465, 'B', 'Prairie provinces'),
  (1859, 465, 'C', 'Central Canada'),
  (1860, 465, 'D', 'West Coast'),
  (1861, 466, 'A', 'British Columbia'),
  (1862, 466, 'B', 'Prairie Provinces'),
  (1863, 466, 'C', 'Ontario'),
  (1864, 466, 'D', 'Manitoba'),
  (1865, 467, 'A', 'Newfoundland and Labrador'),
  (1866, 467, 'B', 'Alberta'),
  (1867, 467, 'C', 'Saskatchewan'),
  (1868, 467, 'D', 'British Columbia'),
  (1869, 468, 'A', 'European settlers from the 1600s'),
  (1870, 468, 'B', 'descendants of French colonists'),
  (1871, 468, 'C', 'descendants of anglophones'),
  (1872, 468, 'D', 'people of Quebec'),
  (1873, 469, 'A', 'American railroad engineers'),
  (1874, 469, 'B', 'Acadian railroad workers'),
  (1875, 469, 'C', 'Chinese railroad workers'),
  (1876, 469, 'D', 'African-American slaves'),
  (1877, 470, 'A', 'band chiefs and councillors'),
  (1878, 470, 'B', 'municipal governments'),
  (1879, 470, 'C', 'provincial or territorial governments'),
  (1880, 470, 'D', 'federal government'),
  (1881, 471, 'A', 'a military leader of the Metis in the 19th century'),
  (1882, 471, 'B', 'a great frontier hero'),
  (1883, 471, 'C', 'an explorer of Western Canada'),
  (1884, 471, 'D', 'Canada''s greatest soldier in the First World War'),
  (1885, 472, 'A', 'Candace Bergen'),
  (1886, 472, 'B', 'Andrew Scheer'),
  (1887, 472, 'C', 'Erin O''Toole'),
  (1888, 472, 'D', 'Pierre Poilievre'),
  (1889, 473, 'A', 'Macdonald'),
  (1890, 473, 'B', 'Louis Riel'),
  (1891, 473, 'C', 'Sam Steele'),
  (1892, 473, 'D', 'George-Etienne Cartier'),
  (1893, 474, 'A', 'Sir Louis-Hippolyte LaFontaine'),
  (1894, 474, 'B', 'Sir George-Etienne Cartier'),
  (1895, 474, 'C', 'Sir Wilfrid Laurier'),
  (1896, 474, 'D', 'Sir John A. Macdonald'),
  (1897, 475, 'A', 'a great frontier hero, mounted policeman and soldier of the Queen'),
  (1898, 475, 'B', 'a military leader of the Metis'),
  (1899, 475, 'C', 'first Prime Minister'),
  (1900, 475, 'D', 'father of Manitoba'),
  (1901, 476, 'A', 'Montreal-based traders travelling by canoe'),
  (1902, 476, 'B', 'immigrants in the 18th century'),
  (1903, 476, 'C', 'explorers searching for the Northwest Passage'),
  (1904, 476, 'D', 'geographers who charted British Columbia''s coastline'),
  (1905, 477, 'A', 'it enhances the standard of living'),
  (1906, 477, 'B', 'it makes travel easier'),
  (1907, 477, 'C', 'it strengthens the economy and raises the standard of living'),
  (1908, 477, 'D', 'it brings cheaper goods');

select setval(pg_get_serial_sequence('public.chapters', 'id'), coalesce((select max(id) from public.chapters), 1), true);
select setval(pg_get_serial_sequence('public.questions', 'id'), coalesce((select max(id) from public.questions), 1), true);
select setval(pg_get_serial_sequence('public.options', 'id'), coalesce((select max(id) from public.options), 1), true);

commit;
